Date,,Stage,Stage_m
1/1/2015,1:00:00 AM,19.68,6
1/1/2015,2:00:00 AM,19.65,5.99
1/1/2015,3:00:00 AM,19.61,5.98
1/1/2015,4:00:00 AM,19.57,5.96
1/1/2015,5:00:00 AM,19.54,5.96
1/1/2015,6:00:00 AM,19.5,5.94
1/1/2015,7:00:00 AM,19.47,5.93
1/1/2015,8:00:00 AM,19.44,5.93
1/1/2015,9:00:00 AM,19.4,5.91
1/1/2015,10:00:00 AM,19.37,5.9
1/1/2015,11:00:00 AM,19.33,5.89
1/1/2015,12:00:00 PM,19.29,5.88
1/1/2015,1:00:00 PM,19.26,5.87
1/1/2015,2:00:00 PM,19.22,5.86
1/1/2015,3:00:00 PM,19.18,5.85
1/1/2015,4:00:00 PM,19.14,5.83
1/1/2015,5:00:00 PM,19.1,5.82
1/1/2015,6:00:00 PM,19.06,5.81
1/1/2015,7:00:00 PM,19.03,5.8
1/1/2015,8:00:00 PM,19,5.79
1/1/2015,9:00:00 PM,18.97,5.78
1/1/2015,10:00:00 PM,18.94,5.77
1/1/2015,11:00:00 PM,18.91,5.76
1/2/2015,12:00:00 AM,18.88,5.75
1/2/2015,1:00:00 AM,18.85,5.75
1/2/2015,2:00:00 AM,18.83,5.74
1/2/2015,3:00:00 AM,18.8,5.73
1/2/2015,4:00:00 AM,18.78,5.72
1/2/2015,5:00:00 AM,18.75,5.72
1/2/2015,6:00:00 AM,18.72,5.71
1/2/2015,7:00:00 AM,18.69,5.7
1/2/2015,8:00:00 AM,18.66,5.69
1/2/2015,9:00:00 AM,18.63,5.68
1/2/2015,10:00:00 AM,18.61,5.67
1/2/2015,11:00:00 AM,18.58,5.66
1/2/2015,12:00:00 PM,18.55,5.65
1/2/2015,1:00:00 PM,18.52,5.64
1/2/2015,2:00:00 PM,18.49,5.64
1/2/2015,3:00:00 PM,18.47,5.63
1/2/2015,4:00:00 PM,18.44,5.62
1/2/2015,5:00:00 PM,18.41,5.61
1/2/2015,6:00:00 PM,18.39,5.61
1/2/2015,7:00:00 PM,18.36,5.6
1/2/2015,8:00:00 PM,18.34,5.59
1/2/2015,9:00:00 PM,18.32,5.58
1/2/2015,10:00:00 PM,18.3,5.58
1/2/2015,11:00:00 PM,18.27,5.57
1/3/2015,12:00:00 AM,18.25,5.56
1/3/2015,1:00:00 AM,18.23,5.56
1/3/2015,2:00:00 AM,18.2,5.55
1/3/2015,3:00:00 AM,18.18,5.54
1/3/2015,4:00:00 AM,18.16,5.54
1/3/2015,5:00:00 AM,18.13,5.53
1/3/2015,6:00:00 AM,18.11,5.52
1/3/2015,7:00:00 AM,18.09,5.51
1/3/2015,8:00:00 AM,18.06,5.5
1/3/2015,9:00:00 AM,18.04,5.5
1/3/2015,10:00:00 AM,18.02,5.49
1/3/2015,11:00:00 AM,18,5.49
1/3/2015,12:00:00 PM,17.97,5.48
1/3/2015,1:00:00 PM,17.94,5.47
1/3/2015,2:00:00 PM,17.92,5.46
1/3/2015,3:00:00 PM,17.89,5.45
1/3/2015,4:00:00 PM,17.87,5.45
1/3/2015,5:00:00 PM,17.85,5.44
1/3/2015,6:00:00 PM,17.83,5.43
1/3/2015,7:00:00 PM,17.8,5.43
1/3/2015,8:00:00 PM,17.78,5.42
1/3/2015,9:00:00 PM,17.76,5.41
1/3/2015,10:00:00 PM,17.74,5.41
1/3/2015,11:00:00 PM,17.73,5.4
1/4/2015,12:00:00 AM,17.71,5.4
1/4/2015,1:00:00 AM,17.7,5.39
1/4/2015,2:00:00 AM,17.68,5.39
1/4/2015,3:00:00 AM,17.66,5.38
1/4/2015,4:00:00 AM,17.64,5.38
1/4/2015,5:00:00 AM,17.62,5.37
1/4/2015,6:00:00 AM,17.61,5.37
1/4/2015,7:00:00 AM,17.59,5.36
1/4/2015,8:00:00 AM,17.57,5.36
1/4/2015,9:00:00 AM,17.55,5.35
1/4/2015,10:00:00 AM,17.53,5.34
1/4/2015,11:00:00 AM,17.52,5.34
1/4/2015,12:00:00 PM,17.51,5.34
1/4/2015,1:00:00 PM,17.49,5.33
1/4/2015,2:00:00 PM,17.48,5.33
1/4/2015,3:00:00 PM,17.47,5.32
1/4/2015,4:00:00 PM,17.46,5.32
1/4/2015,5:00:00 PM,17.44,5.32
1/4/2015,6:00:00 PM,17.43,5.31
1/4/2015,7:00:00 PM,17.41,5.31
1/4/2015,8:00:00 PM,17.39,5.3
1/4/2015,9:00:00 PM,17.37,5.29
1/4/2015,10:00:00 PM,17.35,5.29
1/4/2015,11:00:00 PM,17.33,5.28
1/5/2015,12:00:00 AM,17.32,5.28
1/5/2015,1:00:00 AM,17.3,5.27
1/5/2015,2:00:00 AM,17.29,5.27
1/5/2015,3:00:00 AM,17.28,5.27
1/5/2015,4:00:00 AM,17.28,5.27
1/5/2015,5:00:00 AM,17.25,5.26
1/5/2015,6:00:00 AM,17.25,5.26
1/5/2015,7:00:00 AM,17.22,5.25
1/5/2015,8:00:00 AM,17.2,5.24
1/5/2015,9:00:00 AM,17.19,5.24
1/5/2015,10:00:00 AM,17.18,5.24
1/5/2015,11:00:00 AM,17.17,5.23
1/5/2015,12:00:00 PM,17.15,5.23
1/5/2015,1:00:00 PM,17.1,5.21
1/5/2015,2:00:00 PM,17.07,5.2
1/5/2015,3:00:00 PM,17.05,5.2
1/5/2015,4:00:00 PM,17.03,5.19
1/5/2015,5:00:00 PM,17.02,5.19
1/5/2015,6:00:00 PM,17.01,5.18
1/5/2015,7:00:00 PM,17,5.18
1/5/2015,8:00:00 PM,16.99,5.18
1/5/2015,9:00:00 PM,16.98,5.18
1/5/2015,10:00:00 PM,16.97,5.17
1/5/2015,11:00:00 PM,16.97,5.17
1/6/2015,12:00:00 AM,16.97,5.17
1/6/2015,1:00:00 AM,16.97,5.17
1/6/2015,2:00:00 AM,16.93,5.16
1/6/2015,3:00:00 AM,16.92,5.16
1/6/2015,4:00:00 AM,16.9,5.15
1/6/2015,5:00:00 AM,16.87,5.14
1/6/2015,6:00:00 AM,16.86,5.14
1/6/2015,7:00:00 AM,16.84,5.13
1/6/2015,8:00:00 AM,16.82,5.13
1/6/2015,9:00:00 AM,16.81,5.12
1/6/2015,10:00:00 AM,16.79,5.12
1/6/2015,11:00:00 AM,16.77,5.11
1/6/2015,12:00:00 PM,16.75,5.11
1/6/2015,1:00:00 PM,16.72,5.1
1/6/2015,2:00:00 PM,16.69,5.09
1/6/2015,3:00:00 PM,16.67,5.08
1/6/2015,4:00:00 PM,16.66,5.08
1/6/2015,5:00:00 PM,16.65,5.07
1/6/2015,6:00:00 PM,16.64,5.07
1/6/2015,7:00:00 PM,16.64,5.07
1/6/2015,8:00:00 PM,16.63,5.07
1/6/2015,9:00:00 PM,16.62,5.07
1/6/2015,10:00:00 PM,16.61,5.06
1/6/2015,11:00:00 PM,16.61,5.06
1/7/2015,12:00:00 AM,16.6,5.06
1/7/2015,1:00:00 AM,16.59,5.06
1/7/2015,2:00:00 AM,16.58,5.05
1/7/2015,3:00:00 AM,16.57,5.05
1/7/2015,4:00:00 AM,16.56,5.05
1/7/2015,5:00:00 AM,16.55,5.04
1/7/2015,6:00:00 AM,16.54,5.04
1/7/2015,7:00:00 AM,16.53,5.04
1/7/2015,8:00:00 AM,16.52,5.04
1/7/2015,9:00:00 AM,16.5,5.03
1/7/2015,10:00:00 AM,16.49,5.03
1/7/2015,11:00:00 AM,16.48,5.02
1/7/2015,12:00:00 PM,16.47,5.02
1/7/2015,1:00:00 PM,16.45,5.01
1/7/2015,2:00:00 PM,16.44,5.01
1/7/2015,3:00:00 PM,16.43,5.01
1/7/2015,4:00:00 PM,16.41,5
1/7/2015,5:00:00 PM,16.39,5
1/7/2015,6:00:00 PM,16.37,4.99
1/7/2015,7:00:00 PM,16.35,4.98
1/7/2015,8:00:00 PM,16.34,4.98
1/7/2015,9:00:00 PM,16.32,4.97
1/7/2015,10:00:00 PM,16.31,4.97
1/7/2015,11:00:00 PM,16.3,4.97
1/8/2015,12:00:00 AM,16.29,4.97
1/8/2015,1:00:00 AM,16.28,4.96
1/8/2015,2:00:00 AM,16.27,4.96
1/8/2015,3:00:00 AM,16.26,4.96
1/8/2015,4:00:00 AM,16.25,4.95
1/8/2015,5:00:00 AM,16.24,4.95
1/8/2015,6:00:00 AM,16.23,4.95
1/8/2015,7:00:00 AM,16.22,4.94
1/8/2015,8:00:00 AM,16.21,4.94
1/8/2015,9:00:00 AM,16.2,4.94
1/8/2015,10:00:00 AM,16.2,4.94
1/8/2015,11:00:00 AM,16.19,4.93
1/8/2015,12:00:00 PM,16.18,4.93
1/8/2015,1:00:00 PM,16.18,4.93
1/8/2015,2:00:00 PM,16.17,4.93
1/8/2015,3:00:00 PM,16.16,4.93
1/8/2015,4:00:00 PM,16.16,4.93
1/8/2015,5:00:00 PM,16.15,4.92
1/8/2015,6:00:00 PM,16.15,4.92
1/8/2015,7:00:00 PM,16.15,4.92
1/8/2015,8:00:00 PM,16.15,4.92
1/8/2015,9:00:00 PM,16.14,4.92
1/8/2015,10:00:00 PM,16.14,4.92
1/8/2015,11:00:00 PM,16.14,4.92
1/9/2015,12:00:00 AM,16.15,4.92
1/9/2015,1:00:00 AM,16.15,4.92
1/9/2015,2:00:00 AM,16.15,4.92
1/9/2015,3:00:00 AM,16.16,4.93
1/9/2015,4:00:00 AM,16.19,4.93
1/9/2015,5:00:00 AM,16.18,4.93
1/9/2015,6:00:00 AM,16.18,4.93
1/9/2015,7:00:00 AM,16.17,4.93
1/9/2015,8:00:00 AM,16.16,4.93
1/9/2015,9:00:00 AM,16.14,4.92
1/9/2015,10:00:00 AM,16.12,4.91
1/9/2015,11:00:00 AM,16.13,4.92
1/9/2015,12:00:00 PM,16.13,4.92
1/9/2015,1:00:00 PM,16.03,4.89
1/9/2015,2:00:00 PM,16.01,4.88
1/9/2015,3:00:00 PM,16,4.88
1/9/2015,4:00:00 PM,15.99,4.87
1/9/2015,5:00:00 PM,15.98,4.87
1/9/2015,6:00:00 PM,15.98,4.87
1/9/2015,7:00:00 PM,15.98,4.87
1/9/2015,8:00:00 PM,15.97,4.87
1/9/2015,9:00:00 PM,15.97,4.87
1/9/2015,10:00:00 PM,15.96,4.86
1/9/2015,11:00:00 PM,15.96,4.86
1/10/2015,12:00:00 AM,15.95,4.86
1/10/2015,1:00:00 AM,15.94,4.86
1/10/2015,2:00:00 AM,15.94,4.86
1/10/2015,3:00:00 AM,15.93,4.86
1/10/2015,4:00:00 AM,15.93,4.86
1/10/2015,5:00:00 AM,15.92,4.85
1/10/2015,6:00:00 AM,15.92,4.85
1/10/2015,7:00:00 AM,15.92,4.85
1/10/2015,8:00:00 AM,15.91,4.85
1/10/2015,9:00:00 AM,15.91,4.85
1/10/2015,10:00:00 AM,15.91,4.85
1/10/2015,11:00:00 AM,15.91,4.85
1/10/2015,12:00:00 PM,15.91,4.85
1/10/2015,1:00:00 PM,15.88,4.84
1/10/2015,2:00:00 PM,15.87,4.84
1/10/2015,3:00:00 PM,15.87,4.84
1/10/2015,4:00:00 PM,15.86,4.83
1/10/2015,5:00:00 PM,15.86,4.83
1/10/2015,6:00:00 PM,15.86,4.83
1/10/2015,7:00:00 PM,15.86,4.83
1/10/2015,8:00:00 PM,15.85,4.83
1/10/2015,9:00:00 PM,15.85,4.83
1/10/2015,10:00:00 PM,15.85,4.83
1/10/2015,11:00:00 PM,15.84,4.83
1/11/2015,12:00:00 AM,15.84,4.83
1/11/2015,1:00:00 AM,15.84,4.83
1/11/2015,2:00:00 AM,15.83,4.82
1/11/2015,3:00:00 AM,15.83,4.82
1/11/2015,4:00:00 AM,15.82,4.82
1/11/2015,5:00:00 AM,15.82,4.82
1/11/2015,6:00:00 AM,15.81,4.82
1/11/2015,7:00:00 AM,15.81,4.82
1/11/2015,8:00:00 AM,15.8,4.82
1/11/2015,9:00:00 AM,15.79,4.81
1/11/2015,10:00:00 AM,15.79,4.81
1/11/2015,11:00:00 AM,15.78,4.81
1/11/2015,12:00:00 PM,15.77,4.81
1/11/2015,1:00:00 PM,15.76,4.8
1/11/2015,2:00:00 PM,15.75,4.8
1/11/2015,3:00:00 PM,15.74,4.8
1/11/2015,4:00:00 PM,15.73,4.79
1/11/2015,5:00:00 PM,15.73,4.79
1/11/2015,6:00:00 PM,15.72,4.79
1/11/2015,7:00:00 PM,15.71,4.79
1/11/2015,8:00:00 PM,15.7,4.79
1/11/2015,9:00:00 PM,15.7,4.79
1/11/2015,10:00:00 PM,15.69,4.78
1/11/2015,11:00:00 PM,15.68,4.78
1/12/2015,12:00:00 AM,15.67,4.78
1/12/2015,1:00:00 AM,15.66,4.77
1/12/2015,2:00:00 AM,15.66,4.77
1/12/2015,3:00:00 AM,15.65,4.77
1/12/2015,4:00:00 AM,15.64,4.77
1/12/2015,5:00:00 AM,15.64,4.77
1/12/2015,6:00:00 AM,15.63,4.76
1/12/2015,7:00:00 AM,15.62,4.76
1/12/2015,8:00:00 AM,15.62,4.76
1/12/2015,9:00:00 AM,15.61,4.76
1/12/2015,10:00:00 AM,15.6,4.75
1/12/2015,11:00:00 AM,15.6,4.75
1/12/2015,12:00:00 PM,15.59,4.75
1/12/2015,1:00:00 PM,15.58,4.75
1/12/2015,2:00:00 PM,15.57,4.75
1/12/2015,3:00:00 PM,15.57,4.75
1/12/2015,4:00:00 PM,15.56,4.74
1/12/2015,5:00:00 PM,15.56,4.74
1/12/2015,6:00:00 PM,15.55,4.74
1/12/2015,7:00:00 PM,15.55,4.74
1/12/2015,8:00:00 PM,15.54,4.74
1/12/2015,9:00:00 PM,15.54,4.74
1/12/2015,10:00:00 PM,15.53,4.73
1/12/2015,11:00:00 PM,15.53,4.73
1/13/2015,12:00:00 AM,15.53,4.73
1/13/2015,1:00:00 AM,15.52,4.73
1/13/2015,2:00:00 AM,15.52,4.73
1/13/2015,3:00:00 AM,15.51,4.73
1/13/2015,4:00:00 AM,15.51,4.73
1/13/2015,5:00:00 AM,15.5,4.72
1/13/2015,6:00:00 AM,15.5,4.72
1/13/2015,7:00:00 AM,15.49,4.72
1/13/2015,8:00:00 AM,15.49,4.72
1/13/2015,9:00:00 AM,15.48,4.72
1/13/2015,10:00:00 AM,15.47,4.72
1/13/2015,11:00:00 AM,15.46,4.71
1/13/2015,12:00:00 PM,15.45,4.71
1/13/2015,1:00:00 PM,15.43,4.7
1/13/2015,2:00:00 PM,15.42,4.7
1/13/2015,3:00:00 PM,15.42,4.7
1/13/2015,4:00:00 PM,15.42,4.7
1/13/2015,5:00:00 PM,15.41,4.7
1/13/2015,6:00:00 PM,15.39,4.69
1/13/2015,7:00:00 PM,15.38,4.69
1/13/2015,8:00:00 PM,15.37,4.68
1/13/2015,9:00:00 PM,15.36,4.68
1/13/2015,10:00:00 PM,15.35,4.68
1/13/2015,11:00:00 PM,15.34,4.68
1/14/2015,12:00:00 AM,15.33,4.67
1/14/2015,1:00:00 AM,15.31,4.67
1/14/2015,2:00:00 AM,15.31,4.67
1/14/2015,3:00:00 AM,15.3,4.66
1/14/2015,4:00:00 AM,15.28,4.66
1/14/2015,5:00:00 AM,15.27,4.65
1/14/2015,6:00:00 AM,15.26,4.65
1/14/2015,7:00:00 AM,15.25,4.65
1/14/2015,8:00:00 AM,15.24,4.65
1/14/2015,9:00:00 AM,15.22,4.64
1/14/2015,10:00:00 AM,15.21,4.64
1/14/2015,11:00:00 AM,15.2,4.63
1/14/2015,12:00:00 PM,15.2,4.63
1/14/2015,1:00:00 PM,15.18,4.63
1/14/2015,2:00:00 PM,15.17,4.62
1/14/2015,3:00:00 PM,15.18,4.63
1/14/2015,4:00:00 PM,15.15,4.62
1/14/2015,5:00:00 PM,15.14,4.61
1/14/2015,6:00:00 PM,15.16,4.62
1/14/2015,7:00:00 PM,15.15,4.62
1/14/2015,8:00:00 PM,15.13,4.61
1/14/2015,9:00:00 PM,15.15,4.62
1/14/2015,10:00:00 PM,15.12,4.61
1/14/2015,11:00:00 PM,15.12,4.61
1/15/2015,12:00:00 AM,15.16,4.62
1/15/2015,1:00:00 AM,15.15,4.62
1/15/2015,2:00:00 AM,15.12,4.61
1/15/2015,3:00:00 AM,15.14,4.61
1/15/2015,4:00:00 AM,15.09,4.6
1/15/2015,5:00:00 AM,15.09,4.6
1/15/2015,6:00:00 AM,15.08,4.6
1/15/2015,7:00:00 AM,15.09,4.6
1/15/2015,8:00:00 AM,15.08,4.6
1/15/2015,9:00:00 AM,15.06,4.59
1/15/2015,10:00:00 AM,15.07,4.59
1/15/2015,11:00:00 AM,15.05,4.59
1/15/2015,12:00:00 PM,15.04,4.58
1/15/2015,1:00:00 PM,14.99,4.57
1/15/2015,2:00:00 PM,14.98,4.57
1/15/2015,3:00:00 PM,14.97,4.56
1/15/2015,4:00:00 PM,14.97,4.56
1/15/2015,5:00:00 PM,14.97,4.56
1/15/2015,6:00:00 PM,14.96,4.56
1/15/2015,7:00:00 PM,14.95,4.56
1/15/2015,8:00:00 PM,14.95,4.56
1/15/2015,9:00:00 PM,14.94,4.55
1/15/2015,10:00:00 PM,14.94,4.55
1/15/2015,11:00:00 PM,14.93,4.55
1/16/2015,12:00:00 AM,14.93,4.55
1/16/2015,1:00:00 AM,14.92,4.55
1/16/2015,2:00:00 AM,14.92,4.55
1/16/2015,3:00:00 AM,14.92,4.55
1/16/2015,4:00:00 AM,14.92,4.55
1/16/2015,5:00:00 AM,14.9,4.54
1/16/2015,6:00:00 AM,14.91,4.54
1/16/2015,7:00:00 AM,14.91,4.54
1/16/2015,8:00:00 AM,14.89,4.54
1/16/2015,9:00:00 AM,14.89,4.54
1/16/2015,10:00:00 AM,14.91,4.54
1/16/2015,11:00:00 AM,14.9,4.54
1/16/2015,12:00:00 PM,14.88,4.54
1/16/2015,1:00:00 PM,14.88,4.54
1/16/2015,2:00:00 PM,14.88,4.54
1/16/2015,3:00:00 PM,14.88,4.54
1/16/2015,4:00:00 PM,14.88,4.54
1/16/2015,5:00:00 PM,14.88,4.54
1/16/2015,6:00:00 PM,14.89,4.54
1/16/2015,7:00:00 PM,14.9,4.54
1/16/2015,8:00:00 PM,14.9,4.54
1/16/2015,9:00:00 PM,14.9,4.54
1/16/2015,10:00:00 PM,14.91,4.54
1/16/2015,11:00:00 PM,14.91,4.54
1/17/2015,12:00:00 AM,14.91,4.54
1/17/2015,1:00:00 AM,14.91,4.54
1/17/2015,2:00:00 AM,14.92,4.55
1/17/2015,3:00:00 AM,14.92,4.55
1/17/2015,4:00:00 AM,14.92,4.55
1/17/2015,5:00:00 AM,14.91,4.54
1/17/2015,6:00:00 AM,14.91,4.54
1/17/2015,7:00:00 AM,14.9,4.54
1/17/2015,8:00:00 AM,14.9,4.54
1/17/2015,9:00:00 AM,14.92,4.55
1/17/2015,10:00:00 AM,14.92,4.55
1/17/2015,11:00:00 AM,14.89,4.54
1/17/2015,12:00:00 PM,14.88,4.54
1/17/2015,1:00:00 PM,14.86,4.53
1/17/2015,2:00:00 PM,14.85,4.53
1/17/2015,3:00:00 PM,14.85,4.53
1/17/2015,4:00:00 PM,14.85,4.53
1/17/2015,5:00:00 PM,14.85,4.53
1/17/2015,6:00:00 PM,14.85,4.53
1/17/2015,7:00:00 PM,14.85,4.53
1/17/2015,8:00:00 PM,14.85,4.53
1/17/2015,9:00:00 PM,14.86,4.53
1/17/2015,10:00:00 PM,14.85,4.53
1/17/2015,11:00:00 PM,14.85,4.53
1/18/2015,12:00:00 AM,14.86,4.53
1/18/2015,1:00:00 AM,14.86,4.53
1/18/2015,2:00:00 AM,14.85,4.53
1/18/2015,3:00:00 AM,14.84,4.52
1/18/2015,4:00:00 AM,14.84,4.52
1/18/2015,5:00:00 AM,14.86,4.53
1/18/2015,6:00:00 AM,14.84,4.52
1/18/2015,7:00:00 AM,14.84,4.52
1/18/2015,8:00:00 AM,14.84,4.52
1/18/2015,9:00:00 AM,14.84,4.52
1/18/2015,10:00:00 AM,14.84,4.52
1/18/2015,11:00:00 AM,14.84,4.52
1/18/2015,12:00:00 PM,14.85,4.53
1/18/2015,1:00:00 PM,14.81,4.51
1/18/2015,2:00:00 PM,14.81,4.51
1/18/2015,3:00:00 PM,14.81,4.51
1/18/2015,4:00:00 PM,14.82,4.52
1/18/2015,5:00:00 PM,14.82,4.52
1/18/2015,6:00:00 PM,14.82,4.52
1/18/2015,7:00:00 PM,14.81,4.51
1/18/2015,8:00:00 PM,14.82,4.52
1/18/2015,9:00:00 PM,14.83,4.52
1/18/2015,10:00:00 PM,14.84,4.52
1/18/2015,11:00:00 PM,14.84,4.52
1/19/2015,12:00:00 AM,14.84,4.52
1/19/2015,1:00:00 AM,14.84,4.52
1/19/2015,2:00:00 AM,14.85,4.53
1/19/2015,3:00:00 AM,14.85,4.53
1/19/2015,4:00:00 AM,14.84,4.52
1/19/2015,5:00:00 AM,14.84,4.52
1/19/2015,6:00:00 AM,14.84,4.52
1/19/2015,7:00:00 AM,14.84,4.52
1/19/2015,8:00:00 AM,14.84,4.52
1/19/2015,9:00:00 AM,14.84,4.52
1/19/2015,10:00:00 AM,14.83,4.52
1/19/2015,11:00:00 AM,14.82,4.52
1/19/2015,12:00:00 PM,14.83,4.52
1/19/2015,1:00:00 PM,14.81,4.51
1/19/2015,2:00:00 PM,14.82,4.52
1/19/2015,3:00:00 PM,14.82,4.52
1/19/2015,4:00:00 PM,14.82,4.52
1/19/2015,5:00:00 PM,14.84,4.52
1/19/2015,6:00:00 PM,14.82,4.52
1/19/2015,7:00:00 PM,14.83,4.52
1/19/2015,8:00:00 PM,14.84,4.52
1/19/2015,9:00:00 PM,14.84,4.52
1/19/2015,10:00:00 PM,14.84,4.52
1/19/2015,11:00:00 PM,14.86,4.53
1/20/2015,12:00:00 AM,14.83,4.52
1/20/2015,1:00:00 AM,14.83,4.52
1/20/2015,2:00:00 AM,14.83,4.52
1/20/2015,3:00:00 AM,14.81,4.51
1/20/2015,4:00:00 AM,14.81,4.51
1/20/2015,5:00:00 AM,14.8,4.51
1/20/2015,6:00:00 AM,14.81,4.51
1/20/2015,7:00:00 AM,14.79,4.51
1/20/2015,8:00:00 AM,14.77,4.5
1/20/2015,9:00:00 AM,14.82,4.52
1/20/2015,10:00:00 AM,14.78,4.5
1/20/2015,11:00:00 AM,14.79,4.51
1/20/2015,12:00:00 PM,14.79,4.51
1/20/2015,1:00:00 PM,14.8,4.51
1/20/2015,2:00:00 PM,14.84,4.52
1/20/2015,3:00:00 PM,14.78,4.5
1/20/2015,4:00:00 PM,14.8,4.51
1/20/2015,5:00:00 PM,14.8,4.51
1/20/2015,6:00:00 PM,14.79,4.51
1/20/2015,7:00:00 PM,14.8,4.51
1/20/2015,8:00:00 PM,14.8,4.51
1/20/2015,9:00:00 PM,14.83,4.52
1/20/2015,10:00:00 PM,14.79,4.51
1/20/2015,11:00:00 PM,14.83,4.52
1/21/2015,12:00:00 AM,14.82,4.52
1/21/2015,1:00:00 AM,14.81,4.51
1/21/2015,2:00:00 AM,14.81,4.51
1/21/2015,3:00:00 AM,14.83,4.52
1/21/2015,4:00:00 AM,14.84,4.52
1/21/2015,5:00:00 AM,14.85,4.53
1/21/2015,6:00:00 AM,14.84,4.52
1/21/2015,7:00:00 AM,14.83,4.52
1/21/2015,8:00:00 AM,14.83,4.52
1/21/2015,9:00:00 AM,14.83,4.52
1/21/2015,10:00:00 AM,14.84,4.52
1/21/2015,11:00:00 AM,14.88,4.54
1/21/2015,12:00:00 PM,14.87,4.53
1/21/2015,1:00:00 PM,14.86,4.53
1/21/2015,2:00:00 PM,14.81,4.51
1/21/2015,3:00:00 PM,14.81,4.51
1/21/2015,4:00:00 PM,14.81,4.51
1/21/2015,5:00:00 PM,14.8,4.51
1/21/2015,6:00:00 PM,14.81,4.51
1/21/2015,7:00:00 PM,14.8,4.51
1/21/2015,8:00:00 PM,14.81,4.51
1/21/2015,9:00:00 PM,14.78,4.5
1/21/2015,10:00:00 PM,14.82,4.52
1/21/2015,11:00:00 PM,14.82,4.52
1/22/2015,12:00:00 AM,14.82,4.52
1/22/2015,1:00:00 AM,14.78,4.5
1/22/2015,2:00:00 AM,14.82,4.52
1/22/2015,3:00:00 AM,14.8,4.51
1/22/2015,4:00:00 AM,14.8,4.51
1/22/2015,5:00:00 AM,14.83,4.52
1/22/2015,6:00:00 AM,14.82,4.52
1/22/2015,7:00:00 AM,14.82,4.52
1/22/2015,8:00:00 AM,14.79,4.51
1/22/2015,9:00:00 AM,14.8,4.51
1/22/2015,10:00:00 AM,14.81,4.51
1/22/2015,11:00:00 AM,14.78,4.5
1/22/2015,12:00:00 PM,14.76,4.5
1/22/2015,1:00:00 PM,14.77,4.5
1/22/2015,2:00:00 PM,14.77,4.5
1/22/2015,3:00:00 PM,14.77,4.5
1/22/2015,4:00:00 PM,14.78,4.5
1/22/2015,5:00:00 PM,14.77,4.5
1/22/2015,6:00:00 PM,14.77,4.5
1/22/2015,7:00:00 PM,14.76,4.5
1/22/2015,8:00:00 PM,14.76,4.5
1/22/2015,9:00:00 PM,14.75,4.5
1/22/2015,10:00:00 PM,14.75,4.5
1/22/2015,11:00:00 PM,14.8,4.51
1/23/2015,12:00:00 AM,14.77,4.5
1/23/2015,1:00:00 AM,14.77,4.5
1/23/2015,2:00:00 AM,14.77,4.5
1/23/2015,3:00:00 AM,14.76,4.5
1/23/2015,4:00:00 AM,14.82,4.52
1/23/2015,5:00:00 AM,14.82,4.52
1/23/2015,6:00:00 AM,14.76,4.5
1/23/2015,7:00:00 AM,14.91,4.54
1/23/2015,8:00:00 AM,14.83,4.52
1/23/2015,9:00:00 AM,14.79,4.51
1/23/2015,10:00:00 AM,14.8,4.51
1/23/2015,11:00:00 AM,14.74,4.49
1/23/2015,12:00:00 PM,14.75,4.5
1/23/2015,1:00:00 PM,14.68,4.47
1/23/2015,2:00:00 PM,14.7,4.48
1/23/2015,3:00:00 PM,14.71,4.48
1/23/2015,4:00:00 PM,14.69,4.48
1/23/2015,5:00:00 PM,14.65,4.47
1/23/2015,6:00:00 PM,14.68,4.47
1/23/2015,7:00:00 PM,14.67,4.47
1/23/2015,8:00:00 PM,14.68,4.47
1/23/2015,9:00:00 PM,14.66,4.47
1/23/2015,10:00:00 PM,14.65,4.47
1/23/2015,11:00:00 PM,14.63,4.46
1/24/2015,12:00:00 AM,14.62,4.46
1/24/2015,1:00:00 AM,14.63,4.46
1/24/2015,2:00:00 AM,14.63,4.46
1/24/2015,3:00:00 AM,14.62,4.46
1/24/2015,4:00:00 AM,14.63,4.46
1/24/2015,5:00:00 AM,14.62,4.46
1/24/2015,6:00:00 AM,14.63,4.46
1/24/2015,7:00:00 AM,14.61,4.45
1/24/2015,8:00:00 AM,14.63,4.46
1/24/2015,9:00:00 AM,14.61,4.45
1/24/2015,10:00:00 AM,14.62,4.46
1/24/2015,11:00:00 AM,14.62,4.46
1/24/2015,12:00:00 PM,14.63,4.46
1/24/2015,1:00:00 PM,14.6,4.45
1/24/2015,2:00:00 PM,14.62,4.46
1/24/2015,3:00:00 PM,14.59,4.45
1/24/2015,4:00:00 PM,14.62,4.46
1/24/2015,5:00:00 PM,14.61,4.45
1/24/2015,6:00:00 PM,14.6,4.45
1/24/2015,7:00:00 PM,14.62,4.46
1/24/2015,8:00:00 PM,14.62,4.46
1/24/2015,9:00:00 PM,14.6,4.45
1/24/2015,10:00:00 PM,14.61,4.45
1/24/2015,11:00:00 PM,14.62,4.46
1/25/2015,12:00:00 AM,14.6,4.45
1/25/2015,1:00:00 AM,14.59,4.45
1/25/2015,2:00:00 AM,14.59,4.45
1/25/2015,3:00:00 AM,14.62,4.46
1/25/2015,4:00:00 AM,14.59,4.45
1/25/2015,5:00:00 AM,14.62,4.46
1/25/2015,6:00:00 AM,14.64,4.46
1/25/2015,7:00:00 AM,14.61,4.45
1/25/2015,8:00:00 AM,14.61,4.45
1/25/2015,9:00:00 AM,14.61,4.45
1/25/2015,10:00:00 AM,14.59,4.45
1/25/2015,11:00:00 AM,14.58,4.44
1/25/2015,12:00:00 PM,14.58,4.44
1/25/2015,1:00:00 PM,14.52,4.43
1/25/2015,2:00:00 PM,14.51,4.42
1/25/2015,3:00:00 PM,14.51,4.42
1/25/2015,4:00:00 PM,14.52,4.43
1/25/2015,5:00:00 PM,14.53,4.43
1/25/2015,6:00:00 PM,14.53,4.43
1/25/2015,7:00:00 PM,14.53,4.43
1/25/2015,8:00:00 PM,14.53,4.43
1/25/2015,9:00:00 PM,14.53,4.43
1/25/2015,10:00:00 PM,14.51,4.42
1/25/2015,11:00:00 PM,14.52,4.43
1/26/2015,12:00:00 AM,14.51,4.42
1/26/2015,1:00:00 AM,14.52,4.43
1/26/2015,2:00:00 AM,14.52,4.43
1/26/2015,3:00:00 AM,14.52,4.43
1/26/2015,4:00:00 AM,14.52,4.43
1/26/2015,5:00:00 AM,14.52,4.43
1/26/2015,6:00:00 AM,14.52,4.43
1/26/2015,7:00:00 AM,14.53,4.43
1/26/2015,8:00:00 AM,14.52,4.43
1/26/2015,9:00:00 AM,14.52,4.43
1/26/2015,10:00:00 AM,14.54,4.43
1/26/2015,11:00:00 AM,14.55,4.43
1/26/2015,12:00:00 PM,14.52,4.43
1/26/2015,1:00:00 PM,14.53,4.43
1/26/2015,2:00:00 PM,14.53,4.43
1/26/2015,3:00:00 PM,14.53,4.43
1/26/2015,4:00:00 PM,14.55,4.43
1/26/2015,5:00:00 PM,14.59,4.45
1/26/2015,6:00:00 PM,14.56,4.44
1/26/2015,7:00:00 PM,14.59,4.45
1/26/2015,8:00:00 PM,14.78,4.5
1/26/2015,9:00:00 PM,14.65,4.47
1/26/2015,10:00:00 PM,14.6,4.45
1/26/2015,11:00:00 PM,14.59,4.45
1/27/2015,12:00:00 AM,14.65,4.47
1/27/2015,1:00:00 AM,14.59,4.45
1/27/2015,2:00:00 AM,14.6,4.45
1/27/2015,3:00:00 AM,14.58,4.44
1/27/2015,4:00:00 AM,14.55,4.43
1/27/2015,5:00:00 AM,14.55,4.43
1/27/2015,6:00:00 AM,14.54,4.43
1/27/2015,7:00:00 AM,14.56,4.44
1/27/2015,8:00:00 AM,14.53,4.43
1/27/2015,9:00:00 AM,14.53,4.43
1/27/2015,10:00:00 AM,14.53,4.43
1/27/2015,11:00:00 AM,14.53,4.43
1/27/2015,12:00:00 PM,14.51,4.42
1/27/2015,1:00:00 PM,14.5,4.42
1/27/2015,2:00:00 PM,14.5,4.42
1/27/2015,3:00:00 PM,14.51,4.42
1/27/2015,4:00:00 PM,14.52,4.43
1/27/2015,5:00:00 PM,14.53,4.43
1/27/2015,6:00:00 PM,14.56,4.44
1/27/2015,7:00:00 PM,14.57,4.44
1/27/2015,8:00:00 PM,14.57,4.44
1/27/2015,9:00:00 PM,14.59,4.45
1/27/2015,10:00:00 PM,14.61,4.45
1/27/2015,11:00:00 PM,14.61,4.45
1/28/2015,12:00:00 AM,14.61,4.45
1/28/2015,1:00:00 AM,14.62,4.46
1/28/2015,2:00:00 AM,14.67,4.47
1/28/2015,3:00:00 AM,14.7,4.48
1/28/2015,4:00:00 AM,14.84,4.52
1/28/2015,5:00:00 AM,14.76,4.5
1/28/2015,6:00:00 AM,14.71,4.48
1/28/2015,7:00:00 AM,14.71,4.48
1/28/2015,8:00:00 AM,14.67,4.47
1/28/2015,9:00:00 AM,14.7,4.48
1/28/2015,10:00:00 AM,14.69,4.48
1/28/2015,11:00:00 AM,14.7,4.48
1/28/2015,12:00:00 PM,14.7,4.48
1/28/2015,1:00:00 PM,14.6,4.45
1/28/2015,2:00:00 PM,14.62,4.46
1/28/2015,3:00:00 PM,14.62,4.46
1/28/2015,4:00:00 PM,14.63,4.46
1/28/2015,5:00:00 PM,14.63,4.46
1/28/2015,6:00:00 PM,14.63,4.46
1/28/2015,7:00:00 PM,14.64,4.46
1/28/2015,8:00:00 PM,14.64,4.46
1/28/2015,9:00:00 PM,14.64,4.46
1/28/2015,10:00:00 PM,14.66,4.47
1/28/2015,11:00:00 PM,14.65,4.47
1/29/2015,12:00:00 AM,14.67,4.47
1/29/2015,1:00:00 AM,14.68,4.47
1/29/2015,2:00:00 AM,14.68,4.47
1/29/2015,3:00:00 AM,14.65,4.47
1/29/2015,4:00:00 AM,14.65,4.47
1/29/2015,5:00:00 AM,14.63,4.46
1/29/2015,6:00:00 AM,14.63,4.46
1/29/2015,7:00:00 AM,14.65,4.47
1/29/2015,8:00:00 AM,14.6,4.45
1/29/2015,9:00:00 AM,14.68,4.47
1/29/2015,10:00:00 AM,14.68,4.47
1/29/2015,11:00:00 AM,14.6,4.45
1/29/2015,12:00:00 PM,14.66,4.47
1/29/2015,1:00:00 PM,14.54,4.43
1/29/2015,2:00:00 PM,14.54,4.43
1/29/2015,3:00:00 PM,14.53,4.43
1/29/2015,4:00:00 PM,14.51,4.42
1/29/2015,5:00:00 PM,14.51,4.42
1/29/2015,6:00:00 PM,14.51,4.42
1/29/2015,7:00:00 PM,14.5,4.42
1/29/2015,8:00:00 PM,14.5,4.42
1/29/2015,9:00:00 PM,14.51,4.42
1/29/2015,10:00:00 PM,14.51,4.42
1/29/2015,11:00:00 PM,14.5,4.42
1/30/2015,12:00:00 AM,14.51,4.42
1/30/2015,1:00:00 AM,14.51,4.42
1/30/2015,2:00:00 AM,14.55,4.43
1/30/2015,3:00:00 AM,14.51,4.42
1/30/2015,4:00:00 AM,14.53,4.43
1/30/2015,5:00:00 AM,14.53,4.43
1/30/2015,6:00:00 AM,14.52,4.43
1/30/2015,7:00:00 AM,14.54,4.43
1/30/2015,8:00:00 AM,14.57,4.44
1/30/2015,9:00:00 AM,14.57,4.44
1/30/2015,10:00:00 AM,14.56,4.44
1/30/2015,11:00:00 AM,14.55,4.43
1/30/2015,12:00:00 PM,14.57,4.44
1/30/2015,1:00:00 PM,14.56,4.44
1/30/2015,2:00:00 PM,14.56,4.44
1/30/2015,3:00:00 PM,14.56,4.44
1/30/2015,4:00:00 PM,14.57,4.44
1/30/2015,5:00:00 PM,14.58,4.44
1/30/2015,6:00:00 PM,14.6,4.45
1/30/2015,7:00:00 PM,14.61,4.45
1/30/2015,8:00:00 PM,14.62,4.46
1/30/2015,9:00:00 PM,14.61,4.45
1/30/2015,10:00:00 PM,14.61,4.45
1/30/2015,11:00:00 PM,14.6,4.45
1/31/2015,12:00:00 AM,14.63,4.46
1/31/2015,1:00:00 AM,14.62,4.46
1/31/2015,2:00:00 AM,14.62,4.46
1/31/2015,3:00:00 AM,14.63,4.46
1/31/2015,4:00:00 AM,14.64,4.46
1/31/2015,5:00:00 AM,14.62,4.46
1/31/2015,6:00:00 AM,14.64,4.46
1/31/2015,7:00:00 AM,14.61,4.45
1/31/2015,8:00:00 AM,14.62,4.46
1/31/2015,9:00:00 AM,14.61,4.45
1/31/2015,10:00:00 AM,14.6,4.45
1/31/2015,11:00:00 AM,14.56,4.44
1/31/2015,12:00:00 PM,14.58,4.44
1/31/2015,1:00:00 PM,14.5,4.42
1/31/2015,2:00:00 PM,14.51,4.42
1/31/2015,3:00:00 PM,14.51,4.42
1/31/2015,4:00:00 PM,14.53,4.43
1/31/2015,5:00:00 PM,14.51,4.42
1/31/2015,6:00:00 PM,14.5,4.42
1/31/2015,7:00:00 PM,14.5,4.42
1/31/2015,8:00:00 PM,14.49,4.42
1/31/2015,9:00:00 PM,14.48,4.41
1/31/2015,10:00:00 PM,14.54,4.43
1/31/2015,11:00:00 PM,14.48,4.41
2/1/2015,12:00:00 AM,14.49,4.42
2/1/2015,1:00:00 AM,14.47,4.41
2/1/2015,2:00:00 AM,14.47,4.41
2/1/2015,3:00:00 AM,14.48,4.41
2/1/2015,4:00:00 AM,14.48,4.41
2/1/2015,5:00:00 AM,14.46,4.41
2/1/2015,6:00:00 AM,14.48,4.41
2/1/2015,7:00:00 AM,14.48,4.41
2/1/2015,8:00:00 AM,14.46,4.41
2/1/2015,9:00:00 AM,14.46,4.41
2/1/2015,10:00:00 AM,14.45,4.4
2/1/2015,11:00:00 AM,14.44,4.4
2/1/2015,12:00:00 PM,14.45,4.4
2/1/2015,1:00:00 PM,14.4,4.39
2/1/2015,2:00:00 PM,14.41,4.39
2/1/2015,3:00:00 PM,14.4,4.39
2/1/2015,4:00:00 PM,14.41,4.39
2/1/2015,5:00:00 PM,14.42,4.4
2/1/2015,6:00:00 PM,14.42,4.4
2/1/2015,7:00:00 PM,14.44,4.4
2/1/2015,8:00:00 PM,14.43,4.4
2/1/2015,9:00:00 PM,14.47,4.41
2/1/2015,10:00:00 PM,14.47,4.41
2/1/2015,11:00:00 PM,14.54,4.43
2/2/2015,12:00:00 AM,14.56,4.44
2/2/2015,1:00:00 AM,14.53,4.43
2/2/2015,2:00:00 AM,14.56,4.44
2/2/2015,3:00:00 AM,14.57,4.44
2/2/2015,4:00:00 AM,14.54,4.43
2/2/2015,5:00:00 AM,14.56,4.44
2/2/2015,6:00:00 AM,14.56,4.44
2/2/2015,7:00:00 AM,14.55,4.43
2/2/2015,8:00:00 AM,14.54,4.43
2/2/2015,9:00:00 AM,14.55,4.43
2/2/2015,10:00:00 AM,14.55,4.43
2/2/2015,11:00:00 AM,14.58,4.44
2/2/2015,12:00:00 PM,14.49,4.42
2/2/2015,1:00:00 PM,14.43,4.4
2/2/2015,2:00:00 PM,14.43,4.4
2/2/2015,3:00:00 PM,14.43,4.4
2/2/2015,4:00:00 PM,14.44,4.4
2/2/2015,5:00:00 PM,14.44,4.4
2/2/2015,6:00:00 PM,14.46,4.41
2/2/2015,7:00:00 PM,14.44,4.4
2/2/2015,8:00:00 PM,14.45,4.4
2/2/2015,9:00:00 PM,14.45,4.4
2/2/2015,10:00:00 PM,14.46,4.41
2/2/2015,11:00:00 PM,14.45,4.4
2/3/2015,12:00:00 AM,14.46,4.41
2/3/2015,1:00:00 AM,14.51,4.42
2/3/2015,2:00:00 AM,14.46,4.41
2/3/2015,3:00:00 AM,14.51,4.42
2/3/2015,4:00:00 AM,14.64,4.46
2/3/2015,5:00:00 AM,14.48,4.41
2/3/2015,6:00:00 AM,14.53,4.43
2/3/2015,7:00:00 AM,14.5,4.42
2/3/2015,8:00:00 AM,14.47,4.41
2/3/2015,9:00:00 AM,14.41,4.39
2/3/2015,10:00:00 AM,14.44,4.4
2/3/2015,11:00:00 AM,14.48,4.41
2/3/2015,12:00:00 PM,14.48,4.41
2/3/2015,1:00:00 PM,14.38,4.38
2/3/2015,2:00:00 PM,14.39,4.39
2/3/2015,3:00:00 PM,14.38,4.38
2/3/2015,4:00:00 PM,14.39,4.39
2/3/2015,5:00:00 PM,14.39,4.39
2/3/2015,6:00:00 PM,14.39,4.39
2/3/2015,7:00:00 PM,14.41,4.39
2/3/2015,8:00:00 PM,14.45,4.4
2/3/2015,9:00:00 PM,14.42,4.4
2/3/2015,10:00:00 PM,14.44,4.4
2/3/2015,11:00:00 PM,14.44,4.4
2/4/2015,12:00:00 AM,14.46,4.41
2/4/2015,1:00:00 AM,14.48,4.41
2/4/2015,2:00:00 AM,14.5,4.42
2/4/2015,3:00:00 AM,14.51,4.42
2/4/2015,4:00:00 AM,14.52,4.43
2/4/2015,5:00:00 AM,14.52,4.43
2/4/2015,6:00:00 AM,14.53,4.43
2/4/2015,7:00:00 AM,14.55,4.43
2/4/2015,8:00:00 AM,14.54,4.43
2/4/2015,9:00:00 AM,14.58,4.44
2/4/2015,10:00:00 AM,14.54,4.43
2/4/2015,11:00:00 AM,14.54,4.43
2/4/2015,12:00:00 PM,14.56,4.44
2/4/2015,1:00:00 PM,14.51,4.42
2/4/2015,2:00:00 PM,14.52,4.43
2/4/2015,3:00:00 PM,14.52,4.43
2/4/2015,4:00:00 PM,14.53,4.43
2/4/2015,5:00:00 PM,14.53,4.43
2/4/2015,6:00:00 PM,14.55,4.43
2/4/2015,7:00:00 PM,14.52,4.43
2/4/2015,8:00:00 PM,14.53,4.43
2/4/2015,9:00:00 PM,14.55,4.43
2/4/2015,10:00:00 PM,14.56,4.44
2/4/2015,11:00:00 PM,14.57,4.44
2/5/2015,12:00:00 AM,14.56,4.44
2/5/2015,1:00:00 AM,14.57,4.44
2/5/2015,2:00:00 AM,14.6,4.45
2/5/2015,3:00:00 AM,14.59,4.45
2/5/2015,4:00:00 AM,14.61,4.45
2/5/2015,5:00:00 AM,14.63,4.46
2/5/2015,6:00:00 AM,14.62,4.46
2/5/2015,7:00:00 AM,14.63,4.46
2/5/2015,8:00:00 AM,14.64,4.46
2/5/2015,9:00:00 AM,14.65,4.47
2/5/2015,10:00:00 AM,14.63,4.46
2/5/2015,11:00:00 AM,14.64,4.46
2/5/2015,12:00:00 PM,14.65,4.47
2/5/2015,1:00:00 PM,14.65,4.47
2/5/2015,2:00:00 PM,14.65,4.47
2/5/2015,3:00:00 PM,14.66,4.47
2/5/2015,4:00:00 PM,14.67,4.47
2/5/2015,5:00:00 PM,14.67,4.47
2/5/2015,6:00:00 PM,14.67,4.47
2/5/2015,7:00:00 PM,14.66,4.47
2/5/2015,8:00:00 PM,14.67,4.47
2/5/2015,9:00:00 PM,14.68,4.47
2/5/2015,10:00:00 PM,14.69,4.48
2/5/2015,11:00:00 PM,14.7,4.48
2/6/2015,12:00:00 AM,14.71,4.48
2/6/2015,1:00:00 AM,14.7,4.48
2/6/2015,2:00:00 AM,14.75,4.5
2/6/2015,3:00:00 AM,14.78,4.5
2/6/2015,4:00:00 AM,14.8,4.51
2/6/2015,5:00:00 AM,14.82,4.52
2/6/2015,6:00:00 AM,14.85,4.53
2/6/2015,7:00:00 AM,14.87,4.53
2/6/2015,8:00:00 AM,14.89,4.54
2/6/2015,9:00:00 AM,14.9,4.54
2/6/2015,10:00:00 AM,14.93,4.55
2/6/2015,11:00:00 AM,14.93,4.55
2/6/2015,12:00:00 PM,14.96,4.56
2/6/2015,1:00:00 PM,15.02,4.58
2/6/2015,2:00:00 PM,15.07,4.59
2/6/2015,3:00:00 PM,15.02,4.58
2/6/2015,4:00:00 PM,15.07,4.59
2/6/2015,5:00:00 PM,15.12,4.61
2/6/2015,6:00:00 PM,15.11,4.61
2/6/2015,7:00:00 PM,15.14,4.61
2/6/2015,8:00:00 PM,15.17,4.62
2/6/2015,9:00:00 PM,15.18,4.63
2/6/2015,10:00:00 PM,15.21,4.64
2/6/2015,11:00:00 PM,15.23,4.64
2/7/2015,12:00:00 AM,15.26,4.65
2/7/2015,1:00:00 AM,15.26,4.65
2/7/2015,2:00:00 AM,15.26,4.65
2/7/2015,3:00:00 AM,15.29,4.66
2/7/2015,4:00:00 AM,15.33,4.67
2/7/2015,5:00:00 AM,15.35,4.68
2/7/2015,6:00:00 AM,15.39,4.69
2/7/2015,7:00:00 AM,15.41,4.7
2/7/2015,8:00:00 AM,15.48,4.72
2/7/2015,9:00:00 AM,15.52,4.73
2/7/2015,10:00:00 AM,15.58,4.75
2/7/2015,11:00:00 AM,15.64,4.77
2/7/2015,12:00:00 PM,15.77,4.81
2/7/2015,1:00:00 PM,15.73,4.79
2/7/2015,2:00:00 PM,15.85,4.83
2/7/2015,3:00:00 PM,15.88,4.84
2/7/2015,4:00:00 PM,16,4.88
2/7/2015,5:00:00 PM,16.04,4.89
2/7/2015,6:00:00 PM,16.1,4.91
2/7/2015,7:00:00 PM,16.2,4.94
2/7/2015,8:00:00 PM,16.26,4.96
2/7/2015,9:00:00 PM,16.33,4.98
2/7/2015,10:00:00 PM,16.4,5
2/7/2015,11:00:00 PM,16.49,5.03
2/8/2015,12:00:00 AM,16.58,5.05
2/8/2015,1:00:00 AM,16.68,5.08
2/8/2015,2:00:00 AM,16.83,5.13
2/8/2015,3:00:00 AM,16.97,5.17
2/8/2015,4:00:00 AM,17.23,5.25
2/8/2015,5:00:00 AM,17.56,5.35
2/8/2015,6:00:00 AM,18.04,5.5
2/8/2015,7:00:00 AM,18.59,5.67
2/8/2015,8:00:00 AM,19.16,5.84
2/8/2015,9:00:00 AM,19.66,5.99
2/8/2015,10:00:00 AM,20.22,6.16
2/8/2015,11:00:00 AM,20.72,6.32
2/8/2015,12:00:00 PM,21.21,6.46
2/8/2015,1:00:00 PM,21.67,6.61
2/8/2015,2:00:00 PM,22.06,6.72
2/8/2015,3:00:00 PM,22.42,6.83
2/8/2015,4:00:00 PM,22.82,6.96
2/8/2015,5:00:00 PM,23.31,7.1
2/8/2015,6:00:00 PM,23.93,7.29
2/8/2015,7:00:00 PM,24.13,7.35
2/8/2015,8:00:00 PM,24.32,7.41
2/8/2015,9:00:00 PM,24.56,7.49
2/8/2015,10:00:00 PM,24.71,7.53
2/8/2015,11:00:00 PM,24.85,7.57
2/9/2015,12:00:00 AM,24.96,7.61
2/9/2015,1:00:00 AM,25.18,7.67
2/9/2015,2:00:00 AM,25.33,7.72
2/9/2015,3:00:00 AM,25.48,7.77
2/9/2015,4:00:00 AM,25.66,7.82
2/9/2015,5:00:00 AM,25.76,7.85
2/9/2015,6:00:00 AM,25.86,7.88
2/9/2015,7:00:00 AM,25.97,7.92
2/9/2015,8:00:00 AM,26.08,7.95
2/9/2015,9:00:00 AM,26.18,7.98
2/9/2015,10:00:00 AM,26.27,8.01
2/9/2015,11:00:00 AM,26.41,8.05
2/9/2015,12:00:00 PM,26.5,8.08
2/9/2015,1:00:00 PM,26.51,8.08
2/9/2015,2:00:00 PM,26.58,8.1
2/9/2015,3:00:00 PM,26.69,8.14
2/9/2015,4:00:00 PM,26.78,8.16
2/9/2015,5:00:00 PM,26.84,8.18
2/9/2015,6:00:00 PM,26.85,8.18
2/9/2015,7:00:00 PM,26.85,8.18
2/9/2015,8:00:00 PM,26.94,8.21
2/9/2015,9:00:00 PM,26.99,8.23
2/9/2015,10:00:00 PM,27.03,8.24
2/9/2015,11:00:00 PM,27.09,8.26
2/10/2015,12:00:00 AM,27.1,8.26
2/10/2015,1:00:00 AM,27.06,8.25
2/10/2015,2:00:00 AM,27.06,8.25
2/10/2015,3:00:00 AM,27.09,8.26
2/10/2015,4:00:00 AM,27.13,8.27
2/10/2015,5:00:00 AM,27.15,8.28
2/10/2015,6:00:00 AM,27.18,8.28
2/10/2015,7:00:00 AM,27.21,8.29
2/10/2015,8:00:00 AM,27.22,8.3
2/10/2015,9:00:00 AM,27.25,8.31
2/10/2015,10:00:00 AM,27.28,8.31
2/10/2015,11:00:00 AM,27.27,8.31
2/10/2015,12:00:00 PM,27.29,8.32
2/10/2015,1:00:00 PM,27.32,8.33
2/10/2015,2:00:00 PM,27.36,8.34
2/10/2015,3:00:00 PM,27.35,8.34
2/10/2015,4:00:00 PM,27.39,8.35
2/10/2015,5:00:00 PM,27.4,8.35
2/10/2015,6:00:00 PM,27.42,8.36
2/10/2015,7:00:00 PM,27.48,8.38
2/10/2015,8:00:00 PM,27.46,8.37
2/10/2015,9:00:00 PM,27.51,8.39
2/10/2015,10:00:00 PM,27.54,8.39
2/10/2015,11:00:00 PM,27.54,8.39
2/11/2015,12:00:00 AM,27.59,8.41
2/11/2015,1:00:00 AM,27.63,8.42
2/11/2015,2:00:00 AM,27.63,8.42
2/11/2015,3:00:00 AM,27.64,8.42
2/11/2015,4:00:00 AM,27.62,8.42
2/11/2015,5:00:00 AM,27.7,8.44
2/11/2015,6:00:00 AM,27.68,8.44
2/11/2015,7:00:00 AM,27.67,8.43
2/11/2015,8:00:00 AM,27.66,8.43
2/11/2015,9:00:00 AM,27.71,8.45
2/11/2015,10:00:00 AM,27.66,8.43
2/11/2015,11:00:00 AM,27.68,8.44
2/11/2015,12:00:00 PM,27.69,8.44
2/11/2015,1:00:00 PM,27.64,8.42
2/11/2015,2:00:00 PM,27.62,8.42
2/11/2015,3:00:00 PM,27.66,8.43
2/11/2015,4:00:00 PM,27.69,8.44
2/11/2015,5:00:00 PM,27.68,8.44
2/11/2015,6:00:00 PM,27.63,8.42
2/11/2015,7:00:00 PM,27.6,8.41
2/11/2015,8:00:00 PM,27.57,8.4
2/11/2015,9:00:00 PM,27.53,8.39
2/11/2015,10:00:00 PM,27.56,8.4
2/11/2015,11:00:00 PM,27.51,8.39
2/12/2015,12:00:00 AM,27.53,8.39
2/12/2015,1:00:00 AM,27.49,8.38
2/12/2015,2:00:00 AM,27.48,8.38
2/12/2015,3:00:00 AM,27.45,8.37
2/12/2015,4:00:00 AM,27.43,8.36
2/12/2015,5:00:00 AM,27.42,8.36
2/12/2015,6:00:00 AM,27.38,8.35
2/12/2015,7:00:00 AM,27.3,8.32
2/12/2015,8:00:00 AM,27.25,8.31
2/12/2015,9:00:00 AM,27.18,8.28
2/12/2015,10:00:00 AM,27.12,8.27
2/12/2015,11:00:00 AM,27.13,8.27
2/12/2015,12:00:00 PM,27.03,8.24
2/12/2015,1:00:00 PM,26.99,8.23
2/12/2015,2:00:00 PM,26.9,8.2
2/12/2015,3:00:00 PM,26.86,8.19
2/12/2015,4:00:00 PM,26.79,8.17
2/12/2015,5:00:00 PM,26.78,8.16
2/12/2015,6:00:00 PM,26.64,8.12
2/12/2015,7:00:00 PM,26.62,8.11
2/12/2015,8:00:00 PM,26.48,8.07
2/12/2015,9:00:00 PM,26.39,8.04
2/12/2015,10:00:00 PM,26.31,8.02
2/12/2015,11:00:00 PM,26.26,8
2/13/2015,12:00:00 AM,26.22,7.99
2/13/2015,1:00:00 AM,26.1,7.96
2/13/2015,2:00:00 AM,26.01,7.93
2/13/2015,3:00:00 AM,25.96,7.91
2/13/2015,4:00:00 AM,25.85,7.88
2/13/2015,5:00:00 AM,25.78,7.86
2/13/2015,6:00:00 AM,25.69,7.83
2/13/2015,7:00:00 AM,25.65,7.82
2/13/2015,8:00:00 AM,25.56,7.79
2/13/2015,9:00:00 AM,25.48,7.77
2/13/2015,10:00:00 AM,25.39,7.74
2/13/2015,11:00:00 AM,25.35,7.73
2/13/2015,12:00:00 PM,25.27,7.7
2/13/2015,1:00:00 PM,25.12,7.66
2/13/2015,2:00:00 PM,25.08,7.64
2/13/2015,3:00:00 PM,24.97,7.61
2/13/2015,4:00:00 PM,24.96,7.61
2/13/2015,5:00:00 PM,24.88,7.58
2/13/2015,6:00:00 PM,24.86,7.58
2/13/2015,7:00:00 PM,24.68,7.52
2/13/2015,8:00:00 PM,24.68,7.52
2/13/2015,9:00:00 PM,24.7,7.53
2/13/2015,10:00:00 PM,24.52,7.47
2/13/2015,11:00:00 PM,24.42,7.44
2/14/2015,12:00:00 AM,24.26,7.39
2/14/2015,1:00:00 AM,24.2,7.38
2/14/2015,2:00:00 AM,24.16,7.36
2/14/2015,3:00:00 AM,24.09,7.34
2/14/2015,4:00:00 AM,24.03,7.32
2/14/2015,5:00:00 AM,23.94,7.3
2/14/2015,6:00:00 AM,23.87,7.28
2/14/2015,7:00:00 AM,23.83,7.26
2/14/2015,8:00:00 AM,23.78,7.25
2/14/2015,9:00:00 AM,23.69,7.22
2/14/2015,10:00:00 AM,23.62,7.2
2/14/2015,11:00:00 AM,23.55,7.18
2/14/2015,12:00:00 PM,23.54,7.17
2/14/2015,1:00:00 PM,23.41,7.14
2/14/2015,2:00:00 PM,23.42,7.14
2/14/2015,3:00:00 PM,23.34,7.11
2/14/2015,4:00:00 PM,23.3,7.1
2/14/2015,5:00:00 PM,23.32,7.11
2/14/2015,6:00:00 PM,23.2,7.07
2/14/2015,7:00:00 PM,23.18,7.07
2/14/2015,8:00:00 PM,23.11,7.04
2/14/2015,9:00:00 PM,23.06,7.03
2/14/2015,10:00:00 PM,22.96,7
2/14/2015,11:00:00 PM,22.93,6.99
2/15/2015,12:00:00 AM,22.84,6.96
2/15/2015,1:00:00 AM,22.87,6.97
2/15/2015,2:00:00 AM,22.69,6.92
2/15/2015,3:00:00 AM,22.62,6.89
2/15/2015,4:00:00 AM,22.62,6.89
2/15/2015,5:00:00 AM,22.59,6.89
2/15/2015,6:00:00 AM,22.47,6.85
2/15/2015,7:00:00 AM,22.41,6.83
2/15/2015,8:00:00 AM,22.34,6.81
2/15/2015,9:00:00 AM,22.27,6.79
2/15/2015,10:00:00 AM,22.21,6.77
2/15/2015,11:00:00 AM,22.15,6.75
2/15/2015,12:00:00 PM,22.08,6.73
2/15/2015,1:00:00 PM,21.99,6.7
2/15/2015,2:00:00 PM,21.91,6.68
2/15/2015,3:00:00 PM,21.83,6.65
2/15/2015,4:00:00 PM,21.81,6.65
2/15/2015,5:00:00 PM,21.8,6.64
2/15/2015,6:00:00 PM,21.69,6.61
2/15/2015,7:00:00 PM,21.6,6.58
2/15/2015,8:00:00 PM,21.61,6.59
2/15/2015,9:00:00 PM,21.46,6.54
2/15/2015,10:00:00 PM,21.43,6.53
2/15/2015,11:00:00 PM,21.41,6.53
2/16/2015,12:00:00 AM,21.31,6.5
2/16/2015,1:00:00 AM,21.29,6.49
2/16/2015,2:00:00 AM,21.24,6.47
2/16/2015,3:00:00 AM,21.21,6.46
2/16/2015,4:00:00 AM,21.11,6.43
2/16/2015,5:00:00 AM,21.09,6.43
2/16/2015,6:00:00 AM,21.07,6.42
2/16/2015,7:00:00 AM,21,6.4
2/16/2015,8:00:00 AM,20.93,6.38
2/16/2015,9:00:00 AM,20.88,6.36
2/16/2015,10:00:00 AM,20.86,6.36
2/16/2015,11:00:00 AM,20.82,6.35
2/16/2015,12:00:00 PM,20.88,6.36
2/16/2015,1:00:00 PM,20.66,6.3
2/16/2015,2:00:00 PM,20.71,6.31
2/16/2015,3:00:00 PM,20.54,6.26
2/16/2015,4:00:00 PM,20.59,6.28
2/16/2015,5:00:00 PM,20.45,6.23
2/16/2015,6:00:00 PM,20.43,6.23
2/16/2015,7:00:00 PM,20.29,6.18
2/16/2015,8:00:00 PM,20.35,6.2
2/16/2015,9:00:00 PM,20.21,6.16
2/16/2015,10:00:00 PM,20.14,6.14
2/16/2015,11:00:00 PM,20.1,6.13
2/17/2015,12:00:00 AM,20.11,6.13
2/17/2015,1:00:00 AM,19.98,6.09
2/17/2015,2:00:00 AM,19.9,6.07
2/17/2015,3:00:00 AM,19.88,6.06
2/17/2015,4:00:00 AM,19.95,6.08
2/17/2015,5:00:00 AM,19.84,6.05
2/17/2015,6:00:00 AM,19.78,6.03
2/17/2015,7:00:00 AM,19.66,5.99
2/17/2015,8:00:00 AM,19.63,5.98
2/17/2015,9:00:00 AM,19.62,5.98
2/17/2015,10:00:00 AM,19.57,5.96
2/17/2015,11:00:00 AM,19.55,5.96
2/17/2015,12:00:00 PM,19.51,5.95
2/17/2015,1:00:00 PM,19.46,5.93
2/17/2015,2:00:00 PM,19.44,5.93
2/17/2015,3:00:00 PM,19.38,5.91
2/17/2015,4:00:00 PM,19.39,5.91
2/17/2015,5:00:00 PM,19.3,5.88
2/17/2015,6:00:00 PM,19.3,5.88
2/17/2015,7:00:00 PM,19.29,5.88
2/17/2015,8:00:00 PM,19.24,5.86
2/17/2015,9:00:00 PM,19.19,5.85
2/17/2015,10:00:00 PM,19.14,5.83
2/17/2015,11:00:00 PM,19.18,5.85
2/18/2015,12:00:00 AM,19.08,5.82
2/18/2015,1:00:00 AM,19.01,5.79
2/18/2015,2:00:00 AM,18.97,5.78
2/18/2015,3:00:00 AM,18.94,5.77
2/18/2015,4:00:00 AM,18.93,5.77
2/18/2015,5:00:00 AM,18.95,5.78
2/18/2015,6:00:00 AM,18.92,5.77
2/18/2015,7:00:00 AM,18.86,5.75
2/18/2015,8:00:00 AM,18.89,5.76
2/18/2015,9:00:00 AM,18.79,5.73
2/18/2015,10:00:00 AM,18.84,5.74
2/18/2015,11:00:00 AM,18.81,5.73
2/18/2015,12:00:00 PM,18.7,5.7
2/18/2015,1:00:00 PM,18.62,5.68
2/18/2015,2:00:00 PM,18.59,5.67
2/18/2015,3:00:00 PM,18.57,5.66
2/18/2015,4:00:00 PM,18.55,5.65
2/18/2015,5:00:00 PM,18.55,5.65
2/18/2015,6:00:00 PM,18.49,5.64
2/18/2015,7:00:00 PM,18.48,5.63
2/18/2015,8:00:00 PM,18.43,5.62
2/18/2015,9:00:00 PM,18.47,5.63
2/18/2015,10:00:00 PM,18.44,5.62
2/18/2015,11:00:00 PM,18.35,5.59
2/19/2015,12:00:00 AM,18.4,5.61
2/19/2015,1:00:00 AM,18.36,5.6
2/19/2015,2:00:00 AM,18.35,5.59
2/19/2015,3:00:00 AM,18.36,5.6
2/19/2015,4:00:00 AM,18.3,5.58
2/19/2015,5:00:00 AM,18.3,5.58
2/19/2015,6:00:00 AM,18.28,5.57
2/19/2015,7:00:00 AM,18.22,5.55
2/19/2015,8:00:00 AM,18.26,5.57
2/19/2015,9:00:00 AM,18.24,5.56
2/19/2015,10:00:00 AM,18.25,5.56
2/19/2015,11:00:00 AM,18.18,5.54
2/19/2015,12:00:00 PM,18.1,5.52
2/19/2015,1:00:00 PM,18.07,5.51
2/19/2015,2:00:00 PM,18.07,5.51
2/19/2015,3:00:00 PM,18.02,5.49
2/19/2015,4:00:00 PM,18.06,5.5
2/19/2015,5:00:00 PM,18.04,5.5
2/19/2015,6:00:00 PM,18,5.49
2/19/2015,7:00:00 PM,17.96,5.47
2/19/2015,8:00:00 PM,17.97,5.48
2/19/2015,9:00:00 PM,17.93,5.47
2/19/2015,10:00:00 PM,17.94,5.47
2/19/2015,11:00:00 PM,17.95,5.47
2/20/2015,12:00:00 AM,17.87,5.45
2/20/2015,1:00:00 AM,17.89,5.45
2/20/2015,2:00:00 AM,17.87,5.45
2/20/2015,3:00:00 AM,17.83,5.43
2/20/2015,4:00:00 AM,17.86,5.44
2/20/2015,5:00:00 AM,17.81,5.43
2/20/2015,6:00:00 AM,17.82,5.43
2/20/2015,7:00:00 AM,17.78,5.42
2/20/2015,8:00:00 AM,17.81,5.43
2/20/2015,9:00:00 AM,17.76,5.41
2/20/2015,10:00:00 AM,17.78,5.42
2/20/2015,11:00:00 AM,17.78,5.42
2/20/2015,12:00:00 PM,17.72,5.4
2/20/2015,1:00:00 PM,17.75,5.41
2/20/2015,2:00:00 PM,17.73,5.4
2/20/2015,3:00:00 PM,17.78,5.42
2/20/2015,4:00:00 PM,17.85,5.44
2/20/2015,5:00:00 PM,17.91,5.46
2/20/2015,6:00:00 PM,17.73,5.4
2/20/2015,7:00:00 PM,17.83,5.43
2/20/2015,8:00:00 PM,17.85,5.44
2/20/2015,9:00:00 PM,17.73,5.4
2/20/2015,10:00:00 PM,17.69,5.39
2/20/2015,11:00:00 PM,17.72,5.4
2/21/2015,12:00:00 AM,17.77,5.42
2/21/2015,1:00:00 AM,17.68,5.39
2/21/2015,2:00:00 AM,17.67,5.39
2/21/2015,3:00:00 AM,17.66,5.38
2/21/2015,4:00:00 AM,17.66,5.38
2/21/2015,5:00:00 AM,17.62,5.37
2/21/2015,6:00:00 AM,17.61,5.37
2/21/2015,7:00:00 AM,17.59,5.36
2/21/2015,8:00:00 AM,17.61,5.37
2/21/2015,9:00:00 AM,17.6,5.36
2/21/2015,10:00:00 AM,17.54,5.35
2/21/2015,11:00:00 AM,,
2/21/2015,12:00:00 PM,17.52,5.34
2/21/2015,1:00:00 PM,17.45,5.32
2/21/2015,2:00:00 PM,17.44,5.32
2/21/2015,3:00:00 PM,17.46,5.32
2/21/2015,4:00:00 PM,17.41,5.31
2/21/2015,5:00:00 PM,17.43,5.31
2/21/2015,6:00:00 PM,17.39,5.3
2/21/2015,7:00:00 PM,17.38,5.3
2/21/2015,8:00:00 PM,17.38,5.3
2/21/2015,9:00:00 PM,17.35,5.29
2/21/2015,10:00:00 PM,17.32,5.28
2/21/2015,11:00:00 PM,17.3,5.27
2/22/2015,12:00:00 AM,17.3,5.27
2/22/2015,1:00:00 AM,17.38,5.3
2/22/2015,2:00:00 AM,17.28,5.27
2/22/2015,3:00:00 AM,17.33,5.28
2/22/2015,4:00:00 AM,17.27,5.26
2/22/2015,5:00:00 AM,17.28,5.27
2/22/2015,6:00:00 AM,17.2,5.24
2/22/2015,7:00:00 AM,17.19,5.24
2/22/2015,8:00:00 AM,17.21,5.25
2/22/2015,9:00:00 AM,17.18,5.24
2/22/2015,10:00:00 AM,17.11,5.22
2/22/2015,11:00:00 AM,17.12,5.22
2/22/2015,12:00:00 PM,17.13,5.22
2/22/2015,1:00:00 PM,17.1,5.21
2/22/2015,2:00:00 PM,17.09,5.21
2/22/2015,3:00:00 PM,17.09,5.21
2/22/2015,4:00:00 PM,17.04,5.19
2/22/2015,5:00:00 PM,17.05,5.2
2/22/2015,6:00:00 PM,17.07,5.2
2/22/2015,7:00:00 PM,16.99,5.18
2/22/2015,8:00:00 PM,17,5.18
2/22/2015,9:00:00 PM,16.98,5.18
2/22/2015,10:00:00 PM,16.98,5.18
2/22/2015,11:00:00 PM,16.87,5.14
2/23/2015,12:00:00 AM,16.92,5.16
2/23/2015,1:00:00 AM,16.87,5.14
2/23/2015,2:00:00 AM,16.86,5.14
2/23/2015,3:00:00 AM,16.84,5.13
2/23/2015,4:00:00 AM,16.81,5.12
2/23/2015,5:00:00 AM,16.83,5.13
2/23/2015,6:00:00 AM,16.81,5.12
2/23/2015,7:00:00 AM,16.84,5.13
2/23/2015,8:00:00 AM,16.82,5.13
2/23/2015,9:00:00 AM,16.88,5.15
2/23/2015,10:00:00 AM,16.81,5.12
2/23/2015,11:00:00 AM,16.77,5.11
2/23/2015,12:00:00 PM,16.75,5.11
2/23/2015,1:00:00 PM,16.67,5.08
2/23/2015,2:00:00 PM,16.68,5.08
2/23/2015,3:00:00 PM,16.66,5.08
2/23/2015,4:00:00 PM,16.63,5.07
2/23/2015,5:00:00 PM,16.62,5.07
2/23/2015,6:00:00 PM,16.6,5.06
2/23/2015,7:00:00 PM,16.58,5.05
2/23/2015,8:00:00 PM,16.6,5.06
2/23/2015,9:00:00 PM,16.58,5.05
2/23/2015,10:00:00 PM,16.53,5.04
2/23/2015,11:00:00 PM,16.6,5.06
2/24/2015,12:00:00 AM,16.54,5.04
2/24/2015,1:00:00 AM,16.6,5.06
2/24/2015,2:00:00 AM,16.49,5.03
2/24/2015,3:00:00 AM,16.42,5
2/24/2015,4:00:00 AM,16.42,5
2/24/2015,5:00:00 AM,16.42,5
2/24/2015,6:00:00 AM,16.45,5.01
2/24/2015,7:00:00 AM,16.49,5.03
2/24/2015,8:00:00 AM,16.4,5
2/24/2015,9:00:00 AM,16.39,5
2/24/2015,10:00:00 AM,16.33,4.98
2/24/2015,11:00:00 AM,16.32,4.97
2/24/2015,12:00:00 PM,16.29,4.97
2/24/2015,1:00:00 PM,16.28,4.96
2/24/2015,2:00:00 PM,16.28,4.96
2/24/2015,3:00:00 PM,16.27,4.96
2/24/2015,4:00:00 PM,16.2,4.94
2/24/2015,5:00:00 PM,16.19,4.93
2/24/2015,6:00:00 PM,16.22,4.94
2/24/2015,7:00:00 PM,16.25,4.95
2/24/2015,8:00:00 PM,16.19,4.93
2/24/2015,9:00:00 PM,16.19,4.93
2/24/2015,10:00:00 PM,16.28,4.96
2/24/2015,11:00:00 PM,16.09,4.9
2/25/2015,12:00:00 AM,16.12,4.91
2/25/2015,1:00:00 AM,16.14,4.92
2/25/2015,2:00:00 AM,16.1,4.91
2/25/2015,3:00:00 AM,16.13,4.92
2/25/2015,4:00:00 AM,16.06,4.9
2/25/2015,5:00:00 AM,16.06,4.9
2/25/2015,6:00:00 AM,16.01,4.88
2/25/2015,7:00:00 AM,16.01,4.88
2/25/2015,8:00:00 AM,16.03,4.89
2/25/2015,9:00:00 AM,15.99,4.87
2/25/2015,10:00:00 AM,15.98,4.87
2/25/2015,11:00:00 AM,15.95,4.86
2/25/2015,12:00:00 PM,15.95,4.86
2/25/2015,1:00:00 PM,15.94,4.86
2/25/2015,2:00:00 PM,15.92,4.85
2/25/2015,3:00:00 PM,15.95,4.86
2/25/2015,4:00:00 PM,15.95,4.86
2/25/2015,5:00:00 PM,15.94,4.86
2/25/2015,6:00:00 PM,15.91,4.85
2/25/2015,7:00:00 PM,15.9,4.85
2/25/2015,8:00:00 PM,15.91,4.85
2/25/2015,9:00:00 PM,15.91,4.85
2/25/2015,10:00:00 PM,15.92,4.85
2/25/2015,11:00:00 PM,15.93,4.86
2/26/2015,12:00:00 AM,15.9,4.85
2/26/2015,1:00:00 AM,15.9,4.85
2/26/2015,2:00:00 AM,15.91,4.85
2/26/2015,3:00:00 AM,15.92,4.85
2/26/2015,4:00:00 AM,15.95,4.86
2/26/2015,5:00:00 AM,15.88,4.84
2/26/2015,6:00:00 AM,15.91,4.85
2/26/2015,7:00:00 AM,15.89,4.84
2/26/2015,8:00:00 AM,15.91,4.85
2/26/2015,9:00:00 AM,15.9,4.85
2/26/2015,10:00:00 AM,15.9,4.85
2/26/2015,11:00:00 AM,15.92,4.85
2/26/2015,12:00:00 PM,15.85,4.83
2/26/2015,1:00:00 PM,15.77,4.81
2/26/2015,2:00:00 PM,15.85,4.83
2/26/2015,3:00:00 PM,15.77,4.81
2/26/2015,4:00:00 PM,15.85,4.83
2/26/2015,5:00:00 PM,15.92,4.85
2/26/2015,6:00:00 PM,15.97,4.87
2/26/2015,7:00:00 PM,16.01,4.88
2/26/2015,8:00:00 PM,15.95,4.86
2/26/2015,9:00:00 PM,15.92,4.85
2/26/2015,10:00:00 PM,15.94,4.86
2/26/2015,11:00:00 PM,15.82,4.82
2/27/2015,12:00:00 AM,15.86,4.83
2/27/2015,1:00:00 AM,15.82,4.82
2/27/2015,2:00:00 AM,15.87,4.84
2/27/2015,3:00:00 AM,15.83,4.82
2/27/2015,4:00:00 AM,15.83,4.82
2/27/2015,5:00:00 AM,15.84,4.83
2/27/2015,6:00:00 AM,15.8,4.82
2/27/2015,7:00:00 AM,15.8,4.82
2/27/2015,8:00:00 AM,16.01,4.88
2/27/2015,9:00:00 AM,15.86,4.83
2/27/2015,10:00:00 AM,15.86,4.83
2/27/2015,11:00:00 AM,15.96,4.86
2/27/2015,12:00:00 PM,15.83,4.82
2/27/2015,1:00:00 PM,15.71,4.79
2/27/2015,2:00:00 PM,15.71,4.79
2/27/2015,3:00:00 PM,15.62,4.76
2/27/2015,4:00:00 PM,15.77,4.81
2/27/2015,5:00:00 PM,15.88,4.84
2/27/2015,6:00:00 PM,15.63,4.76
2/27/2015,7:00:00 PM,15.71,4.79
2/27/2015,8:00:00 PM,15.68,4.78
2/27/2015,9:00:00 PM,15.77,4.81
2/27/2015,10:00:00 PM,15.68,4.78
2/27/2015,11:00:00 PM,15.66,4.77
2/28/2015,12:00:00 AM,15.75,4.8
2/28/2015,1:00:00 AM,15.72,4.79
2/28/2015,2:00:00 AM,15.67,4.78
2/28/2015,3:00:00 AM,15.59,4.75
2/28/2015,4:00:00 AM,15.66,4.77
2/28/2015,5:00:00 AM,15.73,4.79
2/28/2015,6:00:00 AM,15.65,4.77
2/28/2015,7:00:00 AM,15.56,4.74
2/28/2015,8:00:00 AM,15.52,4.73
2/28/2015,9:00:00 AM,15.58,4.75
2/28/2015,10:00:00 AM,15.5,4.72
2/28/2015,11:00:00 AM,15.53,4.73
2/28/2015,12:00:00 PM,15.61,4.76
2/28/2015,1:00:00 PM,15.55,4.74
2/28/2015,2:00:00 PM,15.61,4.76
2/28/2015,3:00:00 PM,15.61,4.76
2/28/2015,4:00:00 PM,15.57,4.75
2/28/2015,5:00:00 PM,15.65,4.77
2/28/2015,6:00:00 PM,15.59,4.75
2/28/2015,7:00:00 PM,15.57,4.75
2/28/2015,8:00:00 PM,15.61,4.76
2/28/2015,9:00:00 PM,15.59,4.75
2/28/2015,10:00:00 PM,15.67,4.78
2/28/2015,11:00:00 PM,15.62,4.76
3/1/2015,12:00:00 AM,15.57,4.75
3/1/2015,1:00:00 AM,15.58,4.75
3/1/2015,2:00:00 AM,15.62,4.76
3/1/2015,3:00:00 AM,15.55,4.74
3/1/2015,4:00:00 AM,15.53,4.73
3/1/2015,5:00:00 AM,15.56,4.74
3/1/2015,6:00:00 AM,15.5,4.72
3/1/2015,7:00:00 AM,15.52,4.73
3/1/2015,8:00:00 AM,15.46,4.71
3/1/2015,9:00:00 AM,15.48,4.72
3/1/2015,10:00:00 AM,15.46,4.71
3/1/2015,11:00:00 AM,15.47,4.72
3/1/2015,12:00:00 PM,15.44,4.71
3/1/2015,1:00:00 PM,15.42,4.7
3/1/2015,2:00:00 PM,15.39,4.69
3/1/2015,3:00:00 PM,15.39,4.69
3/1/2015,4:00:00 PM,15.37,4.68
3/1/2015,5:00:00 PM,15.4,4.69
3/1/2015,6:00:00 PM,15.45,4.71
3/1/2015,7:00:00 PM,15.41,4.7
3/1/2015,8:00:00 PM,15.43,4.7
3/1/2015,9:00:00 PM,15.36,4.68
3/1/2015,10:00:00 PM,15.4,4.69
3/1/2015,11:00:00 PM,15.37,4.68
3/2/2015,12:00:00 AM,15.35,4.68
3/2/2015,1:00:00 AM,15.36,4.68
3/2/2015,2:00:00 AM,15.32,4.67
3/2/2015,3:00:00 AM,15.31,4.67
3/2/2015,4:00:00 AM,15.26,4.65
3/2/2015,5:00:00 AM,15.32,4.67
3/2/2015,6:00:00 AM,15.28,4.66
3/2/2015,7:00:00 AM,15.25,4.65
3/2/2015,8:00:00 AM,15.23,4.64
3/2/2015,9:00:00 AM,15.41,4.7
3/2/2015,10:00:00 AM,15.22,4.64
3/2/2015,11:00:00 AM,15.05,4.59
3/2/2015,12:00:00 PM,15.18,4.63
3/2/2015,1:00:00 PM,15.08,4.6
3/2/2015,2:00:00 PM,15.07,4.59
3/2/2015,3:00:00 PM,15.14,4.61
3/2/2015,4:00:00 PM,15.06,4.59
3/2/2015,5:00:00 PM,15.16,4.62
3/2/2015,6:00:00 PM,15.07,4.59
3/2/2015,7:00:00 PM,15.12,4.61
3/2/2015,8:00:00 PM,15.02,4.58
3/2/2015,9:00:00 PM,15.02,4.58
3/2/2015,10:00:00 PM,15,4.57
3/2/2015,11:00:00 PM,15.03,4.58
3/3/2015,12:00:00 AM,14.97,4.56
3/3/2015,1:00:00 AM,14.99,4.57
3/3/2015,2:00:00 AM,14.94,4.55
3/3/2015,3:00:00 AM,14.99,4.57
3/3/2015,4:00:00 AM,14.93,4.55
3/3/2015,5:00:00 AM,14.9,4.54
3/3/2015,6:00:00 AM,14.91,4.54
3/3/2015,7:00:00 AM,14.91,4.54
3/3/2015,8:00:00 AM,15.04,4.58
3/3/2015,9:00:00 AM,14.94,4.55
3/3/2015,10:00:00 AM,14.98,4.57
3/3/2015,11:00:00 AM,14.93,4.55
3/3/2015,12:00:00 PM,14.93,4.55
3/3/2015,1:00:00 PM,14.85,4.53
3/3/2015,2:00:00 PM,14.84,4.52
3/3/2015,3:00:00 PM,14.86,4.53
3/3/2015,4:00:00 PM,14.83,4.52
3/3/2015,5:00:00 PM,14.83,4.52
3/3/2015,6:00:00 PM,14.86,4.53
3/3/2015,7:00:00 PM,14.86,4.53
3/3/2015,8:00:00 PM,14.86,4.53
3/3/2015,9:00:00 PM,14.84,4.52
3/3/2015,10:00:00 PM,14.84,4.52
3/3/2015,11:00:00 PM,14.82,4.52
3/4/2015,12:00:00 AM,14.83,4.52
3/4/2015,1:00:00 AM,14.82,4.52
3/4/2015,2:00:00 AM,15.02,4.58
3/4/2015,3:00:00 AM,14.84,4.52
3/4/2015,4:00:00 AM,14.81,4.51
3/4/2015,5:00:00 AM,14.78,4.5
3/4/2015,6:00:00 AM,14.81,4.51
3/4/2015,7:00:00 AM,14.93,4.55
3/4/2015,8:00:00 AM,14.81,4.51
3/4/2015,9:00:00 AM,14.78,4.5
3/4/2015,10:00:00 AM,14.79,4.51
3/4/2015,11:00:00 AM,14.78,4.5
3/4/2015,12:00:00 PM,14.76,4.5
3/4/2015,1:00:00 PM,14.79,4.51
3/4/2015,2:00:00 PM,14.78,4.5
3/4/2015,3:00:00 PM,14.8,4.51
3/4/2015,4:00:00 PM,14.83,4.52
3/4/2015,5:00:00 PM,14.8,4.51
3/4/2015,6:00:00 PM,14.79,4.51
3/4/2015,7:00:00 PM,14.87,4.53
3/4/2015,8:00:00 PM,14.83,4.52
3/4/2015,9:00:00 PM,14.77,4.5
3/4/2015,10:00:00 PM,14.79,4.51
3/4/2015,11:00:00 PM,14.76,4.5
3/5/2015,12:00:00 AM,14.76,4.5
3/5/2015,1:00:00 AM,14.81,4.51
3/5/2015,2:00:00 AM,14.73,4.49
3/5/2015,3:00:00 AM,14.8,4.51
3/5/2015,4:00:00 AM,14.8,4.51
3/5/2015,5:00:00 AM,14.75,4.5
3/5/2015,6:00:00 AM,14.81,4.51
3/5/2015,7:00:00 AM,14.68,4.47
3/5/2015,8:00:00 AM,14.72,4.49
3/5/2015,9:00:00 AM,14.78,4.5
3/5/2015,10:00:00 AM,14.65,4.47
3/5/2015,11:00:00 AM,14.72,4.49
3/5/2015,12:00:00 PM,14.76,4.5
3/5/2015,1:00:00 PM,14.74,4.49
3/5/2015,2:00:00 PM,14.75,4.5
3/5/2015,3:00:00 PM,14.64,4.46
3/5/2015,4:00:00 PM,14.71,4.48
3/5/2015,5:00:00 PM,14.78,4.5
3/5/2015,6:00:00 PM,14.69,4.48
3/5/2015,7:00:00 PM,14.76,4.5
3/5/2015,8:00:00 PM,14.68,4.47
3/5/2015,9:00:00 PM,14.61,4.45
3/5/2015,10:00:00 PM,14.71,4.48
3/5/2015,11:00:00 PM,14.6,4.45
3/6/2015,12:00:00 AM,14.74,4.49
3/6/2015,1:00:00 AM,14.78,4.5
3/6/2015,2:00:00 AM,14.65,4.47
3/6/2015,3:00:00 AM,14.58,4.44
3/6/2015,4:00:00 AM,14.57,4.44
3/6/2015,5:00:00 AM,14.63,4.46
3/6/2015,6:00:00 AM,14.64,4.46
3/6/2015,7:00:00 AM,14.55,4.43
3/6/2015,8:00:00 AM,14.54,4.43
3/6/2015,9:00:00 AM,14.54,4.43
3/6/2015,10:00:00 AM,14.53,4.43
3/6/2015,11:00:00 AM,14.54,4.43
3/6/2015,12:00:00 PM,14.53,4.43
3/6/2015,1:00:00 PM,14.52,4.43
3/6/2015,2:00:00 PM,14.54,4.43
3/6/2015,3:00:00 PM,14.58,4.44
3/6/2015,4:00:00 PM,14.52,4.43
3/6/2015,5:00:00 PM,14.54,4.43
3/6/2015,6:00:00 PM,14.51,4.42
3/6/2015,7:00:00 PM,14.7,4.48
3/6/2015,8:00:00 PM,14.55,4.43
3/6/2015,9:00:00 PM,14.55,4.43
3/6/2015,10:00:00 PM,14.72,4.49
3/6/2015,11:00:00 PM,14.56,4.44
3/7/2015,12:00:00 AM,14.59,4.45
3/7/2015,1:00:00 AM,14.44,4.4
3/7/2015,2:00:00 AM,14.48,4.41
3/7/2015,3:00:00 AM,14.52,4.43
3/7/2015,4:00:00 AM,14.45,4.4
3/7/2015,5:00:00 AM,14.44,4.4
3/7/2015,6:00:00 AM,14.4,4.39
3/7/2015,7:00:00 AM,14.39,4.39
3/7/2015,8:00:00 AM,14.41,4.39
3/7/2015,9:00:00 AM,14.39,4.39
3/7/2015,10:00:00 AM,14.39,4.39
3/7/2015,11:00:00 AM,14.34,4.37
3/7/2015,12:00:00 PM,14.48,4.41
3/7/2015,1:00:00 PM,14.23,4.34
3/7/2015,2:00:00 PM,14.22,4.33
3/7/2015,3:00:00 PM,14.23,4.34
3/7/2015,4:00:00 PM,14.21,4.33
3/7/2015,5:00:00 PM,14.21,4.33
3/7/2015,6:00:00 PM,14.24,4.34
3/7/2015,7:00:00 PM,14.22,4.33
3/7/2015,8:00:00 PM,14.24,4.34
3/7/2015,9:00:00 PM,14.23,4.34
3/7/2015,10:00:00 PM,14.2,4.33
3/7/2015,11:00:00 PM,14.2,4.33
3/8/2015,12:00:00 AM,14.18,4.32
3/8/2015,1:00:00 AM,14.26,4.35
3/8/2015,2:00:00 AM,14.19,4.33
3/8/2015,3:00:00 AM,14.2,4.33
3/8/2015,4:00:00 AM,14.19,4.33
3/8/2015,5:00:00 AM,14.18,4.32
3/8/2015,6:00:00 AM,14.18,4.32
3/8/2015,7:00:00 AM,14.18,4.32
3/8/2015,8:00:00 AM,14.14,4.31
3/8/2015,9:00:00 AM,14.12,4.3
3/8/2015,10:00:00 AM,14.13,4.31
3/8/2015,11:00:00 AM,14.12,4.3
3/8/2015,12:00:00 PM,14.13,4.31
3/8/2015,1:00:00 PM,14.08,4.29
3/8/2015,2:00:00 PM,14.08,4.29
3/8/2015,3:00:00 PM,14.08,4.29
3/8/2015,4:00:00 PM,14.08,4.29
3/8/2015,5:00:00 PM,14.08,4.29
3/8/2015,6:00:00 PM,14.07,4.29
3/8/2015,7:00:00 PM,14.07,4.29
3/8/2015,8:00:00 PM,14.07,4.29
3/8/2015,9:00:00 PM,14.07,4.29
3/8/2015,10:00:00 PM,14.07,4.29
3/8/2015,11:00:00 PM,14.07,4.29
3/9/2015,12:00:00 AM,14.07,4.29
3/9/2015,1:00:00 AM,14.07,4.29
3/9/2015,2:00:00 AM,14.07,4.29
3/9/2015,3:00:00 AM,14.07,4.29
3/9/2015,4:00:00 AM,14.07,4.29
3/9/2015,5:00:00 AM,14.07,4.29
3/9/2015,6:00:00 AM,14.05,4.28
3/9/2015,7:00:00 AM,14.08,4.29
3/9/2015,8:00:00 AM,14.07,4.29
3/9/2015,9:00:00 AM,14.1,4.3
3/9/2015,10:00:00 AM,14.09,4.29
3/9/2015,11:00:00 AM,14.06,4.29
3/9/2015,12:00:00 PM,14.1,4.3
3/9/2015,1:00:00 PM,14.09,4.29
3/9/2015,2:00:00 PM,14.1,4.3
3/9/2015,3:00:00 PM,14.08,4.29
3/9/2015,4:00:00 PM,14.08,4.29
3/9/2015,5:00:00 PM,14.07,4.29
3/9/2015,6:00:00 PM,14.07,4.29
3/9/2015,7:00:00 PM,14.08,4.29
3/9/2015,8:00:00 PM,14.06,4.29
3/9/2015,9:00:00 PM,14.03,4.28
3/9/2015,10:00:00 PM,14.07,4.29
3/9/2015,11:00:00 PM,14.03,4.28
3/10/2015,12:00:00 AM,14.06,4.29
3/10/2015,1:00:00 AM,14.03,4.28
3/10/2015,2:00:00 AM,14.02,4.27
3/10/2015,3:00:00 AM,14.02,4.27
3/10/2015,4:00:00 AM,14.01,4.27
3/10/2015,5:00:00 AM,14.01,4.27
3/10/2015,6:00:00 AM,14.02,4.27
3/10/2015,7:00:00 AM,14,4.27
3/10/2015,8:00:00 AM,14.01,4.27
3/10/2015,9:00:00 AM,13.99,4.26
3/10/2015,10:00:00 AM,14.02,4.27
3/10/2015,11:00:00 AM,14.02,4.27
3/10/2015,12:00:00 PM,14,4.27
3/10/2015,1:00:00 PM,13.98,4.26
3/10/2015,2:00:00 PM,13.98,4.26
3/10/2015,3:00:00 PM,13.99,4.26
3/10/2015,4:00:00 PM,14.01,4.27
3/10/2015,5:00:00 PM,13.99,4.26
3/10/2015,6:00:00 PM,14.01,4.27
3/10/2015,7:00:00 PM,14.01,4.27
3/10/2015,8:00:00 PM,14,4.27
3/10/2015,9:00:00 PM,14,4.27
3/10/2015,10:00:00 PM,14,4.27
3/10/2015,11:00:00 PM,14,4.27
3/11/2015,12:00:00 AM,14.01,4.27
3/11/2015,1:00:00 AM,14.01,4.27
3/11/2015,2:00:00 AM,13.99,4.26
3/11/2015,3:00:00 AM,13.97,4.26
3/11/2015,4:00:00 AM,14.03,4.28
3/11/2015,5:00:00 AM,14.03,4.28
3/11/2015,6:00:00 AM,14.01,4.27
3/11/2015,7:00:00 AM,14.01,4.27
3/11/2015,8:00:00 AM,14.01,4.27
3/11/2015,9:00:00 AM,14,4.27
3/11/2015,10:00:00 AM,13.97,4.26
3/11/2015,11:00:00 AM,14,4.27
3/11/2015,12:00:00 PM,13.99,4.26
3/11/2015,1:00:00 PM,13.98,4.26
3/11/2015,2:00:00 PM,13.97,4.26
3/11/2015,3:00:00 PM,13.99,4.26
3/11/2015,4:00:00 PM,13.99,4.26
3/11/2015,5:00:00 PM,13.98,4.26
3/11/2015,6:00:00 PM,14.03,4.28
3/11/2015,7:00:00 PM,14.03,4.28
3/11/2015,8:00:00 PM,14.04,4.28
3/11/2015,9:00:00 PM,14.07,4.29
3/11/2015,10:00:00 PM,14.01,4.27
3/11/2015,11:00:00 PM,14.05,4.28
3/12/2015,12:00:00 AM,13.99,4.26
3/12/2015,1:00:00 AM,14.06,4.29
3/12/2015,2:00:00 AM,14.18,4.32
3/12/2015,3:00:00 AM,14.06,4.29
3/12/2015,4:00:00 AM,14.01,4.27
3/12/2015,5:00:00 AM,14.12,4.3
3/12/2015,6:00:00 AM,14.05,4.28
3/12/2015,7:00:00 AM,14.07,4.29
3/12/2015,8:00:00 AM,14.02,4.27
3/12/2015,9:00:00 AM,14.01,4.27
3/12/2015,10:00:00 AM,14.07,4.29
3/12/2015,11:00:00 AM,14.08,4.29
3/12/2015,12:00:00 PM,14.05,4.28
3/12/2015,1:00:00 PM,13.98,4.26
3/12/2015,2:00:00 PM,13.99,4.26
3/12/2015,3:00:00 PM,13.96,4.26
3/12/2015,4:00:00 PM,13.99,4.26
3/12/2015,5:00:00 PM,14.04,4.28
3/12/2015,6:00:00 PM,14.02,4.27
3/12/2015,7:00:00 PM,14.02,4.27
3/12/2015,8:00:00 PM,13.96,4.26
3/12/2015,9:00:00 PM,13.96,4.26
3/12/2015,10:00:00 PM,13.97,4.26
3/12/2015,11:00:00 PM,13.94,4.25
3/13/2015,12:00:00 AM,13.96,4.26
3/13/2015,1:00:00 AM,13.96,4.26
3/13/2015,2:00:00 AM,14.07,4.29
3/13/2015,3:00:00 AM,13.95,4.25
3/13/2015,4:00:00 AM,13.93,4.25
3/13/2015,5:00:00 AM,13.91,4.24
3/13/2015,6:00:00 AM,13.9,4.24
3/13/2015,7:00:00 AM,13.91,4.24
3/13/2015,8:00:00 AM,13.9,4.24
3/13/2015,9:00:00 AM,13.88,4.23
3/13/2015,10:00:00 AM,13.88,4.23
3/13/2015,11:00:00 AM,13.84,4.22
3/13/2015,12:00:00 PM,13.88,4.23
3/13/2015,1:00:00 PM,13.79,4.2
3/13/2015,2:00:00 PM,13.79,4.2
3/13/2015,3:00:00 PM,13.84,4.22
3/13/2015,4:00:00 PM,13.83,4.22
3/13/2015,5:00:00 PM,13.83,4.22
3/13/2015,6:00:00 PM,13.85,4.22
3/13/2015,7:00:00 PM,13.83,4.22
3/13/2015,8:00:00 PM,13.83,4.22
3/13/2015,9:00:00 PM,13.82,4.21
3/13/2015,10:00:00 PM,13.81,4.21
3/13/2015,11:00:00 PM,13.82,4.21
3/14/2015,12:00:00 AM,13.81,4.21
3/14/2015,1:00:00 AM,13.79,4.2
3/14/2015,2:00:00 AM,13.77,4.2
3/14/2015,3:00:00 AM,13.76,4.19
3/14/2015,4:00:00 AM,13.76,4.19
3/14/2015,5:00:00 AM,13.75,4.19
3/14/2015,6:00:00 AM,13.8,4.21
3/14/2015,7:00:00 AM,13.71,4.18
3/14/2015,8:00:00 AM,13.72,4.18
3/14/2015,9:00:00 AM,13.69,4.17
3/14/2015,10:00:00 AM,13.86,4.22
3/14/2015,11:00:00 AM,13.74,4.19
3/14/2015,12:00:00 PM,13.68,4.17
3/14/2015,1:00:00 PM,13.67,4.17
3/14/2015,2:00:00 PM,13.65,4.16
3/14/2015,3:00:00 PM,13.65,4.16
3/14/2015,4:00:00 PM,13.65,4.16
3/14/2015,5:00:00 PM,13.65,4.16
3/14/2015,6:00:00 PM,13.65,4.16
3/14/2015,7:00:00 PM,13.65,4.16
3/14/2015,8:00:00 PM,13.65,4.16
3/14/2015,9:00:00 PM,13.65,4.16
3/14/2015,10:00:00 PM,13.65,4.16
3/14/2015,11:00:00 PM,13.66,4.16
3/15/2015,12:00:00 AM,13.66,4.16
3/15/2015,1:00:00 AM,13.69,4.17
3/15/2015,2:00:00 AM,13.7,4.18
3/15/2015,3:00:00 AM,13.7,4.18
3/15/2015,4:00:00 AM,13.75,4.19
3/15/2015,5:00:00 AM,13.74,4.19
3/15/2015,6:00:00 AM,13.74,4.19
3/15/2015,7:00:00 AM,13.74,4.19
3/15/2015,8:00:00 AM,13.74,4.19
3/15/2015,9:00:00 AM,13.74,4.19
3/15/2015,10:00:00 AM,13.73,4.18
3/15/2015,11:00:00 AM,13.72,4.18
3/15/2015,12:00:00 PM,13.82,4.21
3/15/2015,1:00:00 PM,13.71,4.18
3/15/2015,2:00:00 PM,13.71,4.18
3/15/2015,3:00:00 PM,13.72,4.18
3/15/2015,4:00:00 PM,13.7,4.18
3/15/2015,5:00:00 PM,13.72,4.18
3/15/2015,6:00:00 PM,13.72,4.18
3/15/2015,7:00:00 PM,13.7,4.18
3/15/2015,8:00:00 PM,13.73,4.18
3/15/2015,9:00:00 PM,13.73,4.18
3/15/2015,10:00:00 PM,13.74,4.19
3/15/2015,11:00:00 PM,13.75,4.19
3/16/2015,12:00:00 AM,13.77,4.2
3/16/2015,1:00:00 AM,13.75,4.19
3/16/2015,2:00:00 AM,13.81,4.21
3/16/2015,3:00:00 AM,13.78,4.2
3/16/2015,4:00:00 AM,13.73,4.18
3/16/2015,5:00:00 AM,13.75,4.19
3/16/2015,6:00:00 AM,13.73,4.18
3/16/2015,7:00:00 AM,13.74,4.19
3/16/2015,8:00:00 AM,13.73,4.18
3/16/2015,9:00:00 AM,13.78,4.2
3/16/2015,10:00:00 AM,13.73,4.18
3/16/2015,11:00:00 AM,13.84,4.22
3/16/2015,12:00:00 PM,13.82,4.21
3/16/2015,1:00:00 PM,13.72,4.18
3/16/2015,2:00:00 PM,13.75,4.19
3/16/2015,3:00:00 PM,13.8,4.21
3/16/2015,4:00:00 PM,13.8,4.21
3/16/2015,5:00:00 PM,13.83,4.22
3/16/2015,6:00:00 PM,13.81,4.21
3/16/2015,7:00:00 PM,13.82,4.21
3/16/2015,8:00:00 PM,13.8,4.21
3/16/2015,9:00:00 PM,13.79,4.2
3/16/2015,10:00:00 PM,13.8,4.21
3/16/2015,11:00:00 PM,13.79,4.2
3/17/2015,12:00:00 AM,13.82,4.21
3/17/2015,1:00:00 AM,13.68,4.17
3/17/2015,2:00:00 AM,13.76,4.19
3/17/2015,3:00:00 AM,13.72,4.18
3/17/2015,4:00:00 AM,13.77,4.2
3/17/2015,5:00:00 AM,13.71,4.18
3/17/2015,6:00:00 AM,13.86,4.22
3/17/2015,7:00:00 AM,13.72,4.18
3/17/2015,8:00:00 AM,13.76,4.19
3/17/2015,9:00:00 AM,13.73,4.18
3/17/2015,10:00:00 AM,13.75,4.19
3/17/2015,11:00:00 AM,13.71,4.18
3/17/2015,12:00:00 PM,13.56,4.13
3/17/2015,1:00:00 PM,13.55,4.13
3/17/2015,2:00:00 PM,13.55,4.13
3/17/2015,3:00:00 PM,13.55,4.13
3/17/2015,4:00:00 PM,13.57,4.14
3/17/2015,5:00:00 PM,13.62,4.15
3/17/2015,6:00:00 PM,13.62,4.15
3/17/2015,7:00:00 PM,13.68,4.17
3/17/2015,8:00:00 PM,13.58,4.14
3/17/2015,9:00:00 PM,13.54,4.13
3/17/2015,10:00:00 PM,13.58,4.14
3/17/2015,11:00:00 PM,13.56,4.13
3/18/2015,12:00:00 AM,13.57,4.14
3/18/2015,1:00:00 AM,13.57,4.14
3/18/2015,2:00:00 AM,13.57,4.14
3/18/2015,3:00:00 AM,13.64,4.16
3/18/2015,4:00:00 AM,13.62,4.15
3/18/2015,5:00:00 AM,13.6,4.15
3/18/2015,6:00:00 AM,13.59,4.14
3/18/2015,7:00:00 AM,13.56,4.13
3/18/2015,8:00:00 AM,13.56,4.13
3/18/2015,9:00:00 AM,13.71,4.18
3/18/2015,10:00:00 AM,13.68,4.17
3/18/2015,11:00:00 AM,13.66,4.16
3/18/2015,12:00:00 PM,13.58,4.14
3/18/2015,1:00:00 PM,13.64,4.16
3/18/2015,2:00:00 PM,13.63,4.15
3/18/2015,3:00:00 PM,13.8,4.21
3/18/2015,4:00:00 PM,13.8,4.21
3/18/2015,5:00:00 PM,13.76,4.19
3/18/2015,6:00:00 PM,13.55,4.13
3/18/2015,7:00:00 PM,13.54,4.13
3/18/2015,8:00:00 PM,13.49,4.11
3/18/2015,9:00:00 PM,13.51,4.12
3/18/2015,10:00:00 PM,13.47,4.11
3/18/2015,11:00:00 PM,13.48,4.11
3/19/2015,12:00:00 AM,13.53,4.12
3/19/2015,1:00:00 AM,13.55,4.13
3/19/2015,2:00:00 AM,13.58,4.14
3/19/2015,3:00:00 AM,13.56,4.13
3/19/2015,4:00:00 AM,13.54,4.13
3/19/2015,5:00:00 AM,13.56,4.13
3/19/2015,6:00:00 AM,13.55,4.13
3/19/2015,7:00:00 AM,13.48,4.11
3/19/2015,8:00:00 AM,13.56,4.13
3/19/2015,9:00:00 AM,13.53,4.12
3/19/2015,10:00:00 AM,13.62,4.15
3/19/2015,11:00:00 AM,13.62,4.15
3/19/2015,12:00:00 PM,13.55,4.13
3/19/2015,1:00:00 PM,13.61,4.15
3/19/2015,2:00:00 PM,13.67,4.17
3/19/2015,3:00:00 PM,13.61,4.15
3/19/2015,4:00:00 PM,13.64,4.16
3/19/2015,5:00:00 PM,13.75,4.19
3/19/2015,6:00:00 PM,13.72,4.18
3/19/2015,7:00:00 PM,13.69,4.17
3/19/2015,8:00:00 PM,13.69,4.17
3/19/2015,9:00:00 PM,13.57,4.14
3/19/2015,10:00:00 PM,13.52,4.12
3/19/2015,11:00:00 PM,13.58,4.14
3/20/2015,12:00:00 AM,13.42,4.09
3/20/2015,1:00:00 AM,13.42,4.09
3/20/2015,2:00:00 AM,13.43,4.09
3/20/2015,3:00:00 AM,13.44,4.1
3/20/2015,4:00:00 AM,13.42,4.09
3/20/2015,5:00:00 AM,13.41,4.09
3/20/2015,6:00:00 AM,13.38,4.08
3/20/2015,7:00:00 AM,13.37,4.08
3/20/2015,8:00:00 AM,13.39,4.08
3/20/2015,9:00:00 AM,13.4,4.08
3/20/2015,10:00:00 AM,13.36,4.07
3/20/2015,11:00:00 AM,13.36,4.07
3/20/2015,12:00:00 PM,13.36,4.07
3/20/2015,1:00:00 PM,13.31,4.06
3/20/2015,2:00:00 PM,13.33,4.06
3/20/2015,3:00:00 PM,13.33,4.06
3/20/2015,4:00:00 PM,13.32,4.06
3/20/2015,5:00:00 PM,13.33,4.06
3/20/2015,6:00:00 PM,13.32,4.06
3/20/2015,7:00:00 PM,13.31,4.06
3/20/2015,8:00:00 PM,13.33,4.06
3/20/2015,9:00:00 PM,13.3,4.05
3/20/2015,10:00:00 PM,13.29,4.05
3/20/2015,11:00:00 PM,13.33,4.06
3/21/2015,12:00:00 AM,13.3,4.05
3/21/2015,1:00:00 AM,13.32,4.06
3/21/2015,2:00:00 AM,13.32,4.06
3/21/2015,3:00:00 AM,13.28,4.05
3/21/2015,4:00:00 AM,13.32,4.06
3/21/2015,5:00:00 AM,13.29,4.05
3/21/2015,6:00:00 AM,13.28,4.05
3/21/2015,7:00:00 AM,13.27,4.04
3/21/2015,8:00:00 AM,13.28,4.05
3/21/2015,9:00:00 AM,13.29,4.05
3/21/2015,10:00:00 AM,13.28,4.05
3/21/2015,11:00:00 AM,13.3,4.05
3/21/2015,12:00:00 PM,13.28,4.05
3/21/2015,1:00:00 PM,13.21,4.03
3/21/2015,2:00:00 PM,13.22,4.03
3/21/2015,3:00:00 PM,13.19,4.02
3/21/2015,4:00:00 PM,13.18,4.02
3/21/2015,5:00:00 PM,13.18,4.02
3/21/2015,6:00:00 PM,13.16,4.01
3/21/2015,7:00:00 PM,13.2,4.02
3/21/2015,8:00:00 PM,13.18,4.02
3/21/2015,9:00:00 PM,13.24,4.04
3/21/2015,10:00:00 PM,13.2,4.02
3/21/2015,11:00:00 PM,13.2,4.02
3/22/2015,12:00:00 AM,13.18,4.02
3/22/2015,1:00:00 AM,13.18,4.02
3/22/2015,2:00:00 AM,13.21,4.03
3/22/2015,3:00:00 AM,13.16,4.01
3/22/2015,4:00:00 AM,13.18,4.02
3/22/2015,5:00:00 AM,13.16,4.01
3/22/2015,6:00:00 AM,13.16,4.01
3/22/2015,7:00:00 AM,13.17,4.01
3/22/2015,8:00:00 AM,13.17,4.01
3/22/2015,9:00:00 AM,13.15,4.01
3/22/2015,10:00:00 AM,13.14,4.01
3/22/2015,11:00:00 AM,13.2,4.02
3/22/2015,12:00:00 PM,13.17,4.01
3/22/2015,1:00:00 PM,13.1,3.99
3/22/2015,2:00:00 PM,13.1,3.99
3/22/2015,3:00:00 PM,13.15,4.01
3/22/2015,4:00:00 PM,13.18,4.02
3/22/2015,5:00:00 PM,13.14,4.01
3/22/2015,6:00:00 PM,13.16,4.01
3/22/2015,7:00:00 PM,13.17,4.01
3/22/2015,8:00:00 PM,13.19,4.02
3/22/2015,9:00:00 PM,13.18,4.02
3/22/2015,10:00:00 PM,13.16,4.01
3/22/2015,11:00:00 PM,13.13,4
3/23/2015,12:00:00 AM,13.16,4.01
3/23/2015,1:00:00 AM,13.18,4.02
3/23/2015,2:00:00 AM,13.15,4.01
3/23/2015,3:00:00 AM,13.16,4.01
3/23/2015,4:00:00 AM,13.16,4.01
3/23/2015,5:00:00 AM,13.19,4.02
3/23/2015,6:00:00 AM,13.17,4.01
3/23/2015,7:00:00 AM,13.19,4.02
3/23/2015,8:00:00 AM,13.19,4.02
3/23/2015,9:00:00 AM,13.17,4.01
3/23/2015,10:00:00 AM,13.17,4.01
3/23/2015,11:00:00 AM,13.14,4.01
3/23/2015,12:00:00 PM,13.13,4
3/23/2015,1:00:00 PM,13.04,3.97
3/23/2015,2:00:00 PM,13.02,3.97
3/23/2015,3:00:00 PM,13.04,3.97
3/23/2015,4:00:00 PM,13.03,3.97
3/23/2015,5:00:00 PM,13.02,3.97
3/23/2015,6:00:00 PM,13.02,3.97
3/23/2015,7:00:00 PM,13.04,3.97
3/23/2015,8:00:00 PM,13.05,3.98
3/23/2015,9:00:00 PM,13.01,3.97
3/23/2015,10:00:00 PM,13.08,3.99
3/23/2015,11:00:00 PM,13.03,3.97
3/24/2015,12:00:00 AM,13,3.96
3/24/2015,1:00:00 AM,13.04,3.97
3/24/2015,2:00:00 AM,13.03,3.97
3/24/2015,3:00:00 AM,13.06,3.98
3/24/2015,4:00:00 AM,13.01,3.97
3/24/2015,5:00:00 AM,13,3.96
3/24/2015,6:00:00 AM,12.99,3.96
3/24/2015,7:00:00 AM,12.98,3.96
3/24/2015,8:00:00 AM,12.99,3.96
3/24/2015,9:00:00 AM,12.97,3.95
3/24/2015,10:00:00 AM,12.98,3.96
3/24/2015,11:00:00 AM,12.99,3.96
3/24/2015,12:00:00 PM,12.99,3.96
3/24/2015,1:00:00 PM,12.95,3.95
3/24/2015,2:00:00 PM,12.95,3.95
3/24/2015,3:00:00 PM,12.98,3.96
3/24/2015,4:00:00 PM,12.98,3.96
3/24/2015,5:00:00 PM,13.04,3.97
3/24/2015,6:00:00 PM,12.97,3.95
3/24/2015,7:00:00 PM,13,3.96
3/24/2015,8:00:00 PM,12.99,3.96
3/24/2015,9:00:00 PM,12.99,3.96
3/24/2015,10:00:00 PM,12.97,3.95
3/24/2015,11:00:00 PM,12.97,3.95
3/25/2015,12:00:00 AM,12.98,3.96
3/25/2015,1:00:00 AM,12.98,3.96
3/25/2015,2:00:00 AM,13.03,3.97
3/25/2015,3:00:00 AM,13,3.96
3/25/2015,4:00:00 AM,12.96,3.95
3/25/2015,5:00:00 AM,12.99,3.96
3/25/2015,6:00:00 AM,13.02,3.97
3/25/2015,7:00:00 AM,12.95,3.95
3/25/2015,8:00:00 AM,12.99,3.96
3/25/2015,9:00:00 AM,13,3.96
3/25/2015,10:00:00 AM,13.02,3.97
3/25/2015,11:00:00 AM,13.06,3.98
3/25/2015,12:00:00 PM,13.21,4.03
3/25/2015,1:00:00 PM,12.97,3.95
3/25/2015,2:00:00 PM,13.01,3.97
3/25/2015,3:00:00 PM,13,3.96
3/25/2015,4:00:00 PM,12.99,3.96
3/25/2015,5:00:00 PM,13.06,3.98
3/25/2015,6:00:00 PM,13.01,3.97
3/25/2015,7:00:00 PM,13.08,3.99
3/25/2015,8:00:00 PM,13.02,3.97
3/25/2015,9:00:00 PM,12.97,3.95
3/25/2015,10:00:00 PM,13.02,3.97
3/25/2015,11:00:00 PM,13.1,3.99
3/26/2015,12:00:00 AM,12.98,3.96
3/26/2015,1:00:00 AM,13.01,3.97
3/26/2015,2:00:00 AM,13.09,3.99
3/26/2015,3:00:00 AM,13.17,4.01
3/26/2015,4:00:00 AM,12.98,3.96
3/26/2015,5:00:00 AM,13,3.96
3/26/2015,6:00:00 AM,12.99,3.96
3/26/2015,7:00:00 AM,12.97,3.95
3/26/2015,8:00:00 AM,12.98,3.96
3/26/2015,9:00:00 AM,13,3.96
3/26/2015,10:00:00 AM,12.94,3.94
3/26/2015,11:00:00 AM,13.01,3.97
3/26/2015,12:00:00 PM,13.01,3.97
3/26/2015,1:00:00 PM,13.01,3.97
3/26/2015,2:00:00 PM,13.07,3.98
3/26/2015,3:00:00 PM,13.01,3.97
3/26/2015,4:00:00 PM,13.12,4
3/26/2015,5:00:00 PM,13.09,3.99
3/26/2015,6:00:00 PM,13.12,4
3/26/2015,7:00:00 PM,13.13,4
3/26/2015,8:00:00 PM,,
3/26/2015,9:00:00 PM,13.08,3.99
3/26/2015,10:00:00 PM,13.28,4.05
3/26/2015,11:00:00 PM,13.16,4.01
3/27/2015,12:00:00 AM,13.09,3.99
3/27/2015,1:00:00 AM,13.2,4.02
3/27/2015,2:00:00 AM,13.1,3.99
3/27/2015,3:00:00 AM,13.04,3.97
3/27/2015,4:00:00 AM,13.05,3.98
3/27/2015,5:00:00 AM,12.97,3.95
3/27/2015,6:00:00 AM,13.04,3.97
3/27/2015,7:00:00 AM,12.99,3.96
3/27/2015,8:00:00 AM,12.96,3.95
3/27/2015,9:00:00 AM,13.01,3.97
3/27/2015,10:00:00 AM,12.98,3.96
3/27/2015,11:00:00 AM,12.97,3.95
3/27/2015,12:00:00 PM,12.98,3.96
3/27/2015,1:00:00 PM,13,3.96
3/27/2015,2:00:00 PM,13,3.96
3/27/2015,3:00:00 PM,12.97,3.95
3/27/2015,4:00:00 PM,12.97,3.95
3/27/2015,5:00:00 PM,12.96,3.95
3/27/2015,6:00:00 PM,12.93,3.94
3/27/2015,7:00:00 PM,12.93,3.94
3/27/2015,8:00:00 PM,12.9,3.93
3/27/2015,9:00:00 PM,12.97,3.95
3/27/2015,10:00:00 PM,12.88,3.93
3/27/2015,11:00:00 PM,12.93,3.94
3/28/2015,12:00:00 AM,12.94,3.94
3/28/2015,1:00:00 AM,12.91,3.93
3/28/2015,2:00:00 AM,12.88,3.93
3/28/2015,3:00:00 AM,12.86,3.92
3/28/2015,4:00:00 AM,12.88,3.93
3/28/2015,5:00:00 AM,12.85,3.92
3/28/2015,6:00:00 AM,12.84,3.91
3/28/2015,7:00:00 AM,12.82,3.91
3/28/2015,8:00:00 AM,12.81,3.9
3/28/2015,9:00:00 AM,12.8,3.9
3/28/2015,10:00:00 AM,12.78,3.9
3/28/2015,11:00:00 AM,12.78,3.9
3/28/2015,12:00:00 PM,12.82,3.91
3/28/2015,1:00:00 PM,12.75,3.89
3/28/2015,2:00:00 PM,12.77,3.89
3/28/2015,3:00:00 PM,12.8,3.9
3/28/2015,4:00:00 PM,12.81,3.9
3/28/2015,5:00:00 PM,12.82,3.91
3/28/2015,6:00:00 PM,12.81,3.9
3/28/2015,7:00:00 PM,12.83,3.91
3/28/2015,8:00:00 PM,12.79,3.9
3/28/2015,9:00:00 PM,12.75,3.89
3/28/2015,10:00:00 PM,12.79,3.9
3/28/2015,11:00:00 PM,12.76,3.89
3/29/2015,12:00:00 AM,12.74,3.88
3/29/2015,1:00:00 AM,12.75,3.89
3/29/2015,2:00:00 AM,12.68,3.86
3/29/2015,3:00:00 AM,12.69,3.87
3/29/2015,4:00:00 AM,12.71,3.87
3/29/2015,5:00:00 AM,12.71,3.87
3/29/2015,6:00:00 AM,12.67,3.86
3/29/2015,7:00:00 AM,12.59,3.84
3/29/2015,8:00:00 AM,12.64,3.85
3/29/2015,9:00:00 AM,12.57,3.83
3/29/2015,10:00:00 AM,12.57,3.83
3/29/2015,11:00:00 AM,12.57,3.83
3/29/2015,12:00:00 PM,12.57,3.83
3/29/2015,1:00:00 PM,12.51,3.81
3/29/2015,2:00:00 PM,12.5,3.81
3/29/2015,3:00:00 PM,12.5,3.81
3/29/2015,4:00:00 PM,12.49,3.81
3/29/2015,5:00:00 PM,12.52,3.82
3/29/2015,6:00:00 PM,12.51,3.81
3/29/2015,7:00:00 PM,12.52,3.82
3/29/2015,8:00:00 PM,12.52,3.82
3/29/2015,9:00:00 PM,12.51,3.81
3/29/2015,10:00:00 PM,12.51,3.81
3/29/2015,11:00:00 PM,12.53,3.82
3/30/2015,12:00:00 AM,12.52,3.82
3/30/2015,1:00:00 AM,12.5,3.81
3/30/2015,2:00:00 AM,12.5,3.81
3/30/2015,3:00:00 AM,12.48,3.8
3/30/2015,4:00:00 AM,12.5,3.81
3/30/2015,5:00:00 AM,12.46,3.8
3/30/2015,6:00:00 AM,12.45,3.79
3/30/2015,7:00:00 AM,12.45,3.79
3/30/2015,8:00:00 AM,12.5,3.81
3/30/2015,9:00:00 AM,12.46,3.8
3/30/2015,10:00:00 AM,12.46,3.8
3/30/2015,11:00:00 AM,12.48,3.8
3/30/2015,12:00:00 PM,12.47,3.8
3/30/2015,1:00:00 PM,12.44,3.79
3/30/2015,2:00:00 PM,12.43,3.79
3/30/2015,3:00:00 PM,12.43,3.79
3/30/2015,4:00:00 PM,12.44,3.79
3/30/2015,5:00:00 PM,12.44,3.79
3/30/2015,6:00:00 PM,12.44,3.79
3/30/2015,7:00:00 PM,12.44,3.79
3/30/2015,8:00:00 PM,12.44,3.79
3/30/2015,9:00:00 PM,12.45,3.79
3/30/2015,10:00:00 PM,12.45,3.79
3/30/2015,11:00:00 PM,12.46,3.8
3/31/2015,12:00:00 AM,12.44,3.79
3/31/2015,1:00:00 AM,12.46,3.8
3/31/2015,2:00:00 AM,12.45,3.79
3/31/2015,3:00:00 AM,12.47,3.8
3/31/2015,4:00:00 AM,12.45,3.79
3/31/2015,5:00:00 AM,12.47,3.8
3/31/2015,6:00:00 AM,12.51,3.81
3/31/2015,7:00:00 AM,12.5,3.81
3/31/2015,8:00:00 AM,12.47,3.8
3/31/2015,9:00:00 AM,12.51,3.81
3/31/2015,10:00:00 AM,12.5,3.81
3/31/2015,11:00:00 AM,12.47,3.8
3/31/2015,12:00:00 PM,12.49,3.81
3/31/2015,1:00:00 PM,12.45,3.79
3/31/2015,2:00:00 PM,12.45,3.79
3/31/2015,3:00:00 PM,12.49,3.81
3/31/2015,4:00:00 PM,12.48,3.8
3/31/2015,5:00:00 PM,12.5,3.81
3/31/2015,6:00:00 PM,12.49,3.81
3/31/2015,7:00:00 PM,12.46,3.8
3/31/2015,8:00:00 PM,12.44,3.79
3/31/2015,9:00:00 PM,12.46,3.8
3/31/2015,10:00:00 PM,12.44,3.79
3/31/2015,11:00:00 PM,12.48,3.8
4/1/2015,12:00:00 AM,12.44,3.79
4/1/2015,1:00:00 AM,12.48,3.8
4/1/2015,2:00:00 AM,12.44,3.79
4/1/2015,3:00:00 AM,12.51,3.81
4/1/2015,4:00:00 AM,12.54,3.82
4/1/2015,5:00:00 AM,12.56,3.83
4/1/2015,6:00:00 AM,12.54,3.82
4/1/2015,7:00:00 AM,12.54,3.82
4/1/2015,8:00:00 AM,12.49,3.81
4/1/2015,9:00:00 AM,12.56,3.83
4/1/2015,10:00:00 AM,12.6,3.84
4/1/2015,11:00:00 AM,12.57,3.83
4/1/2015,12:00:00 PM,12.68,3.86
4/1/2015,1:00:00 PM,12.52,3.82
4/1/2015,2:00:00 PM,12.5,3.81
4/1/2015,3:00:00 PM,12.48,3.8
4/1/2015,4:00:00 PM,12.5,3.81
4/1/2015,5:00:00 PM,12.52,3.82
4/1/2015,6:00:00 PM,12.46,3.8
4/1/2015,7:00:00 PM,12.48,3.8
4/1/2015,8:00:00 PM,12.44,3.79
4/1/2015,9:00:00 PM,12.42,3.79
4/1/2015,10:00:00 PM,12.43,3.79
4/1/2015,11:00:00 PM,12.4,3.78
4/2/2015,12:00:00 AM,12.43,3.79
4/2/2015,1:00:00 AM,12.44,3.79
4/2/2015,2:00:00 AM,12.45,3.79
4/2/2015,3:00:00 AM,12.44,3.79
4/2/2015,4:00:00 AM,12.48,3.8
4/2/2015,5:00:00 AM,12.44,3.79
4/2/2015,6:00:00 AM,12.42,3.79
4/2/2015,7:00:00 AM,12.42,3.79
4/2/2015,8:00:00 AM,12.46,3.8
4/2/2015,9:00:00 AM,12.47,3.8
4/2/2015,10:00:00 AM,12.55,3.83
4/2/2015,11:00:00 AM,12.53,3.82
4/2/2015,12:00:00 PM,12.49,3.81
4/2/2015,1:00:00 PM,12.49,3.81
4/2/2015,2:00:00 PM,12.59,3.84
4/2/2015,3:00:00 PM,12.56,3.83
4/2/2015,4:00:00 PM,12.55,3.83
4/2/2015,5:00:00 PM,12.57,3.83
4/2/2015,6:00:00 PM,12.52,3.82
4/2/2015,7:00:00 PM,12.6,3.84
4/2/2015,8:00:00 PM,12.56,3.83
4/2/2015,9:00:00 PM,12.52,3.82
4/2/2015,10:00:00 PM,12.5,3.81
4/2/2015,11:00:00 PM,12.49,3.81
4/3/2015,12:00:00 AM,12.5,3.81
4/3/2015,1:00:00 AM,12.48,3.8
4/3/2015,2:00:00 AM,12.46,3.8
4/3/2015,3:00:00 AM,12.44,3.79
4/3/2015,4:00:00 AM,12.44,3.79
4/3/2015,5:00:00 AM,12.62,3.85
4/3/2015,6:00:00 AM,12.51,3.81
4/3/2015,7:00:00 AM,12.51,3.81
4/3/2015,8:00:00 AM,12.45,3.79
4/3/2015,9:00:00 AM,12.41,3.78
4/3/2015,10:00:00 AM,12.5,3.81
4/3/2015,11:00:00 AM,12.44,3.79
4/3/2015,12:00:00 PM,12.5,3.81
4/3/2015,1:00:00 PM,12.37,3.77
4/3/2015,2:00:00 PM,12.39,3.78
4/3/2015,3:00:00 PM,12.46,3.8
4/3/2015,4:00:00 PM,12.41,3.78
4/3/2015,5:00:00 PM,12.35,3.76
4/3/2015,6:00:00 PM,12.38,3.77
4/3/2015,7:00:00 PM,12.38,3.77
4/3/2015,8:00:00 PM,12.38,3.77
4/3/2015,9:00:00 PM,12.41,3.78
4/3/2015,10:00:00 PM,12.41,3.78
4/3/2015,11:00:00 PM,12.41,3.78
4/4/2015,12:00:00 AM,12.44,3.79
4/4/2015,1:00:00 AM,12.47,3.8
4/4/2015,2:00:00 AM,12.46,3.8
4/4/2015,3:00:00 AM,12.44,3.79
4/4/2015,4:00:00 AM,12.54,3.82
4/4/2015,5:00:00 AM,12.67,3.86
4/4/2015,6:00:00 AM,12.57,3.83
4/4/2015,7:00:00 AM,12.66,3.86
4/4/2015,8:00:00 AM,12.6,3.84
4/4/2015,9:00:00 AM,12.62,3.85
4/4/2015,10:00:00 AM,12.69,3.87
4/4/2015,11:00:00 AM,12.67,3.86
4/4/2015,12:00:00 PM,12.66,3.86
4/4/2015,1:00:00 PM,12.78,3.9
4/4/2015,2:00:00 PM,12.73,3.88
4/4/2015,3:00:00 PM,12.77,3.89
4/4/2015,4:00:00 PM,12.76,3.89
4/4/2015,5:00:00 PM,12.82,3.91
4/4/2015,6:00:00 PM,12.82,3.91
4/4/2015,7:00:00 PM,12.93,3.94
4/4/2015,8:00:00 PM,12.88,3.93
4/4/2015,9:00:00 PM,12.85,3.92
4/4/2015,10:00:00 PM,12.82,3.91
4/4/2015,11:00:00 PM,12.89,3.93
4/5/2015,12:00:00 AM,12.9,3.93
4/5/2015,1:00:00 AM,13.03,3.97
4/5/2015,2:00:00 AM,12.89,3.93
4/5/2015,3:00:00 AM,12.99,3.96
4/5/2015,4:00:00 AM,13.11,4
4/5/2015,5:00:00 AM,13.19,4.02
4/5/2015,6:00:00 AM,13.19,4.02
4/5/2015,7:00:00 AM,12.97,3.95
4/5/2015,8:00:00 AM,12.98,3.96
4/5/2015,9:00:00 AM,13.46,4.1
4/5/2015,10:00:00 AM,13.2,4.02
4/5/2015,11:00:00 AM,13.27,4.04
4/5/2015,12:00:00 PM,13.27,4.04
4/5/2015,1:00:00 PM,13.05,3.98
4/5/2015,2:00:00 PM,13.05,3.98
4/5/2015,3:00:00 PM,13.11,4
4/5/2015,4:00:00 PM,13.12,4
4/5/2015,5:00:00 PM,13.06,3.98
4/5/2015,6:00:00 PM,13.19,4.02
4/5/2015,7:00:00 PM,13.18,4.02
4/5/2015,8:00:00 PM,13.66,4.16
4/5/2015,9:00:00 PM,13.09,3.99
4/5/2015,10:00:00 PM,13.09,3.99
4/5/2015,11:00:00 PM,13.15,4.01
4/6/2015,12:00:00 AM,13.13,4
4/6/2015,1:00:00 AM,13.13,4
4/6/2015,2:00:00 AM,13.15,4.01
4/6/2015,3:00:00 AM,13.18,4.02
4/6/2015,4:00:00 AM,13.22,4.03
4/6/2015,5:00:00 AM,13.25,4.04
4/6/2015,6:00:00 AM,13.17,4.01
4/6/2015,7:00:00 AM,13.17,4.01
4/6/2015,8:00:00 AM,13.28,4.05
4/6/2015,9:00:00 AM,13.21,4.03
4/6/2015,10:00:00 AM,13.23,4.03
4/6/2015,11:00:00 AM,13.34,4.07
4/6/2015,12:00:00 PM,13.25,4.04
4/6/2015,1:00:00 PM,13.12,4
4/6/2015,2:00:00 PM,13.11,4
4/6/2015,3:00:00 PM,13.11,4
4/6/2015,4:00:00 PM,13.15,4.01
4/6/2015,5:00:00 PM,13.16,4.01
4/6/2015,6:00:00 PM,13.21,4.03
4/6/2015,7:00:00 PM,13.1,3.99
4/6/2015,8:00:00 PM,13.07,3.98
4/6/2015,9:00:00 PM,13.06,3.98
4/6/2015,10:00:00 PM,13.2,4.02
4/6/2015,11:00:00 PM,13.05,3.98
4/7/2015,12:00:00 AM,13.05,3.98
4/7/2015,1:00:00 AM,13.11,4
4/7/2015,2:00:00 AM,13.18,4.02
4/7/2015,3:00:00 AM,13.06,3.98
4/7/2015,4:00:00 AM,13.1,3.99
4/7/2015,5:00:00 AM,13.07,3.98
4/7/2015,6:00:00 AM,13.1,3.99
4/7/2015,7:00:00 AM,13.1,3.99
4/7/2015,8:00:00 AM,13.09,3.99
4/7/2015,9:00:00 AM,13.1,3.99
4/7/2015,10:00:00 AM,13.09,3.99
4/7/2015,11:00:00 AM,13.1,3.99
4/7/2015,12:00:00 PM,13.09,3.99
4/7/2015,1:00:00 PM,13.07,3.98
4/7/2015,2:00:00 PM,13.07,3.98
4/7/2015,3:00:00 PM,13.04,3.97
4/7/2015,4:00:00 PM,13.14,4.01
4/7/2015,5:00:00 PM,13.15,4.01
4/7/2015,6:00:00 PM,13.12,4
4/7/2015,7:00:00 PM,13.13,4
4/7/2015,8:00:00 PM,13.15,4.01
4/7/2015,9:00:00 PM,13.19,4.02
4/7/2015,10:00:00 PM,13.13,4
4/7/2015,11:00:00 PM,13.14,4.01
4/8/2015,12:00:00 AM,13.18,4.02
4/8/2015,1:00:00 AM,13.21,4.03
4/8/2015,2:00:00 AM,13.21,4.03
4/8/2015,3:00:00 AM,13.21,4.03
4/8/2015,4:00:00 AM,13.24,4.04
4/8/2015,5:00:00 AM,13.19,4.02
4/8/2015,6:00:00 AM,13.19,4.02
4/8/2015,7:00:00 AM,13.22,4.03
4/8/2015,8:00:00 AM,13.26,4.04
4/8/2015,9:00:00 AM,13.24,4.04
4/8/2015,10:00:00 AM,13.31,4.06
4/8/2015,11:00:00 AM,13.31,4.06
4/8/2015,12:00:00 PM,13.3,4.05
4/8/2015,1:00:00 PM,13.4,4.08
4/8/2015,2:00:00 PM,13.4,4.08
4/8/2015,3:00:00 PM,13.45,4.1
4/8/2015,4:00:00 PM,13.52,4.12
4/8/2015,5:00:00 PM,13.48,4.11
4/8/2015,6:00:00 PM,13.46,4.1
4/8/2015,7:00:00 PM,13.49,4.11
4/8/2015,8:00:00 PM,13.47,4.11
4/8/2015,9:00:00 PM,13.57,4.14
4/8/2015,10:00:00 PM,13.48,4.11
4/8/2015,11:00:00 PM,13.45,4.1
4/9/2015,12:00:00 AM,13.44,4.1
4/9/2015,1:00:00 AM,13.47,4.11
4/9/2015,2:00:00 AM,13.74,4.19
4/9/2015,3:00:00 AM,13.59,4.14
4/9/2015,4:00:00 AM,13.4,4.08
4/9/2015,5:00:00 AM,13.54,4.13
4/9/2015,6:00:00 AM,13.47,4.11
4/9/2015,7:00:00 AM,13.48,4.11
4/9/2015,8:00:00 AM,13.47,4.11
4/9/2015,9:00:00 AM,13.41,4.09
4/9/2015,10:00:00 AM,13.4,4.08
4/9/2015,11:00:00 AM,13.4,4.08
4/9/2015,12:00:00 PM,13.48,4.11
4/9/2015,1:00:00 PM,13.33,4.06
4/9/2015,2:00:00 PM,13.33,4.06
4/9/2015,3:00:00 PM,13.36,4.07
4/9/2015,4:00:00 PM,13.38,4.08
4/9/2015,5:00:00 PM,13.42,4.09
4/9/2015,6:00:00 PM,13.47,4.11
4/9/2015,7:00:00 PM,13.43,4.09
4/9/2015,8:00:00 PM,13.45,4.1
4/9/2015,9:00:00 PM,13.38,4.08
4/9/2015,10:00:00 PM,13.45,4.1
4/9/2015,11:00:00 PM,13.39,4.08
4/10/2015,12:00:00 AM,13.42,4.09
4/10/2015,1:00:00 AM,13.36,4.07
4/10/2015,2:00:00 AM,13.32,4.06
4/10/2015,3:00:00 AM,13.38,4.08
4/10/2015,4:00:00 AM,13.56,4.13
4/10/2015,5:00:00 AM,13.35,4.07
4/10/2015,6:00:00 AM,13.45,4.1
4/10/2015,7:00:00 AM,13.38,4.08
4/10/2015,8:00:00 AM,13.27,4.04
4/10/2015,9:00:00 AM,13.32,4.06
4/10/2015,10:00:00 AM,13.33,4.06
4/10/2015,11:00:00 AM,13.4,4.08
4/10/2015,12:00:00 PM,13.4,4.08
4/10/2015,1:00:00 PM,13.2,4.02
4/10/2015,2:00:00 PM,13.26,4.04
4/10/2015,3:00:00 PM,13.22,4.03
4/10/2015,4:00:00 PM,13.26,4.04
4/10/2015,5:00:00 PM,13.24,4.04
4/10/2015,6:00:00 PM,13.28,4.05
4/10/2015,7:00:00 PM,13.26,4.04
4/10/2015,8:00:00 PM,13.26,4.04
4/10/2015,9:00:00 PM,13.3,4.05
4/10/2015,10:00:00 PM,13.28,4.05
4/10/2015,11:00:00 PM,13.25,4.04
4/11/2015,12:00:00 AM,13.28,4.05
4/11/2015,1:00:00 AM,13.34,4.07
4/11/2015,2:00:00 AM,13.22,4.03
4/11/2015,3:00:00 AM,13.31,4.06
4/11/2015,4:00:00 AM,13.41,4.09
4/11/2015,5:00:00 AM,13.27,4.04
4/11/2015,6:00:00 AM,13.28,4.05
4/11/2015,7:00:00 AM,13.35,4.07
4/11/2015,8:00:00 AM,13.34,4.07
4/11/2015,9:00:00 AM,13.57,4.14
4/11/2015,10:00:00 AM,13.28,4.05
4/11/2015,11:00:00 AM,13.31,4.06
4/11/2015,12:00:00 PM,13.23,4.03
4/11/2015,1:00:00 PM,13.12,4
4/11/2015,2:00:00 PM,13.21,4.03
4/11/2015,3:00:00 PM,13.23,4.03
4/11/2015,4:00:00 PM,13.26,4.04
4/11/2015,5:00:00 PM,13.32,4.06
4/11/2015,6:00:00 PM,13.29,4.05
4/11/2015,7:00:00 PM,13.23,4.03
4/11/2015,8:00:00 PM,13.21,4.03
4/11/2015,9:00:00 PM,13.17,4.01
4/11/2015,10:00:00 PM,13.33,4.06
4/11/2015,11:00:00 PM,13.24,4.04
4/12/2015,12:00:00 AM,13.21,4.03
4/12/2015,1:00:00 AM,13.18,4.02
4/12/2015,2:00:00 AM,13.16,4.01
4/12/2015,3:00:00 AM,13.15,4.01
4/12/2015,4:00:00 AM,13.21,4.03
4/12/2015,5:00:00 AM,13.17,4.01
4/12/2015,6:00:00 AM,13.17,4.01
4/12/2015,7:00:00 AM,13.13,4
4/12/2015,8:00:00 AM,13.17,4.01
4/12/2015,9:00:00 AM,13.15,4.01
4/12/2015,10:00:00 AM,13.17,4.01
4/12/2015,11:00:00 AM,13.17,4.01
4/12/2015,12:00:00 PM,13.14,4.01
4/12/2015,1:00:00 PM,13.04,3.97
4/12/2015,2:00:00 PM,13.1,3.99
4/12/2015,3:00:00 PM,13.05,3.98
4/12/2015,4:00:00 PM,13.09,3.99
4/12/2015,5:00:00 PM,13.13,4
4/12/2015,6:00:00 PM,13.12,4
4/12/2015,7:00:00 PM,13.12,4
4/12/2015,8:00:00 PM,13.23,4.03
4/12/2015,9:00:00 PM,13.12,4
4/12/2015,10:00:00 PM,13.1,3.99
4/12/2015,11:00:00 PM,13.11,4
4/13/2015,12:00:00 AM,13.27,4.04
4/13/2015,1:00:00 AM,13.13,4
4/13/2015,2:00:00 AM,13.07,3.98
4/13/2015,3:00:00 AM,13.1,3.99
4/13/2015,4:00:00 AM,13.09,3.99
4/13/2015,5:00:00 AM,13.15,4.01
4/13/2015,6:00:00 AM,13.01,3.97
4/13/2015,7:00:00 AM,12.98,3.96
4/13/2015,8:00:00 AM,13,3.96
4/13/2015,9:00:00 AM,13,3.96
4/13/2015,10:00:00 AM,13.01,3.97
4/13/2015,11:00:00 AM,12.99,3.96
4/13/2015,12:00:00 PM,12.99,3.96
4/13/2015,1:00:00 PM,12.98,3.96
4/13/2015,2:00:00 PM,12.97,3.95
4/13/2015,3:00:00 PM,12.99,3.96
4/13/2015,4:00:00 PM,12.99,3.96
4/13/2015,5:00:00 PM,13,3.96
4/13/2015,6:00:00 PM,13.01,3.97
4/13/2015,7:00:00 PM,13,3.96
4/13/2015,8:00:00 PM,13.01,3.97
4/13/2015,9:00:00 PM,13.03,3.97
4/13/2015,10:00:00 PM,12.97,3.95
4/13/2015,11:00:00 PM,12.98,3.96
4/14/2015,12:00:00 AM,12.97,3.95
4/14/2015,1:00:00 AM,12.98,3.96
4/14/2015,2:00:00 AM,12.97,3.95
4/14/2015,3:00:00 AM,12.96,3.95
4/14/2015,4:00:00 AM,13,3.96
4/14/2015,5:00:00 AM,12.93,3.94
4/14/2015,6:00:00 AM,12.99,3.96
4/14/2015,7:00:00 AM,13.01,3.97
4/14/2015,8:00:00 AM,12.91,3.93
4/14/2015,9:00:00 AM,12.9,3.93
4/14/2015,10:00:00 AM,12.93,3.94
4/14/2015,11:00:00 AM,12.95,3.95
4/14/2015,12:00:00 PM,13.02,3.97
4/14/2015,1:00:00 PM,12.83,3.91
4/14/2015,2:00:00 PM,12.82,3.91
4/14/2015,3:00:00 PM,12.79,3.9
4/14/2015,4:00:00 PM,12.79,3.9
4/14/2015,5:00:00 PM,12.79,3.9
4/14/2015,6:00:00 PM,12.77,3.89
4/14/2015,7:00:00 PM,12.77,3.89
4/14/2015,8:00:00 PM,12.77,3.89
4/14/2015,9:00:00 PM,12.77,3.89
4/14/2015,10:00:00 PM,12.77,3.89
4/14/2015,11:00:00 PM,12.75,3.89
4/15/2015,12:00:00 AM,12.74,3.88
4/15/2015,1:00:00 AM,12.74,3.88
4/15/2015,2:00:00 AM,12.73,3.88
4/15/2015,3:00:00 AM,12.73,3.88
4/15/2015,4:00:00 AM,12.74,3.88
4/15/2015,5:00:00 AM,12.73,3.88
4/15/2015,6:00:00 AM,12.74,3.88
4/15/2015,7:00:00 AM,12.74,3.88
4/15/2015,8:00:00 AM,12.76,3.89
4/15/2015,9:00:00 AM,12.79,3.9
4/15/2015,10:00:00 AM,12.76,3.89
4/15/2015,11:00:00 AM,12.77,3.89
4/15/2015,12:00:00 PM,12.75,3.89
4/15/2015,1:00:00 PM,12.74,3.88
4/15/2015,2:00:00 PM,12.73,3.88
4/15/2015,3:00:00 PM,12.73,3.88
4/15/2015,4:00:00 PM,12.71,3.87
4/15/2015,5:00:00 PM,12.74,3.88
4/15/2015,6:00:00 PM,12.73,3.88
4/15/2015,7:00:00 PM,12.73,3.88
4/15/2015,8:00:00 PM,12.71,3.87
4/15/2015,9:00:00 PM,12.71,3.87
4/15/2015,10:00:00 PM,12.7,3.87
4/15/2015,11:00:00 PM,12.71,3.87
4/16/2015,12:00:00 AM,12.67,3.86
4/16/2015,1:00:00 AM,12.65,3.86
4/16/2015,2:00:00 AM,12.63,3.85
4/16/2015,3:00:00 AM,12.62,3.85
4/16/2015,4:00:00 AM,12.61,3.84
4/16/2015,5:00:00 AM,12.59,3.84
4/16/2015,6:00:00 AM,12.58,3.83
4/16/2015,7:00:00 AM,12.58,3.83
4/16/2015,8:00:00 AM,12.56,3.83
4/16/2015,9:00:00 AM,12.55,3.83
4/16/2015,10:00:00 AM,12.54,3.82
4/16/2015,11:00:00 AM,12.54,3.82
4/16/2015,12:00:00 PM,12.55,3.83
4/16/2015,1:00:00 PM,12.52,3.82
4/16/2015,2:00:00 PM,12.53,3.82
4/16/2015,3:00:00 PM,12.47,3.8
4/16/2015,4:00:00 PM,12.47,3.8
4/16/2015,5:00:00 PM,12.47,3.8
4/16/2015,6:00:00 PM,12.46,3.8
4/16/2015,7:00:00 PM,12.48,3.8
4/16/2015,8:00:00 PM,12.45,3.79
4/16/2015,9:00:00 PM,12.53,3.82
4/16/2015,10:00:00 PM,12.5,3.81
4/16/2015,11:00:00 PM,12.5,3.81
4/17/2015,12:00:00 AM,12.48,3.8
4/17/2015,1:00:00 AM,12.49,3.81
4/17/2015,2:00:00 AM,12.48,3.8
4/17/2015,3:00:00 AM,12.45,3.79
4/17/2015,4:00:00 AM,12.45,3.79
4/17/2015,5:00:00 AM,12.44,3.79
4/17/2015,6:00:00 AM,12.44,3.79
4/17/2015,7:00:00 AM,12.41,3.78
4/17/2015,8:00:00 AM,12.42,3.79
4/17/2015,9:00:00 AM,12.43,3.79
4/17/2015,10:00:00 AM,12.43,3.79
4/17/2015,11:00:00 AM,12.43,3.79
4/17/2015,12:00:00 PM,12.45,3.79
4/17/2015,1:00:00 PM,12.36,3.77
4/17/2015,2:00:00 PM,12.35,3.76
4/17/2015,3:00:00 PM,12.35,3.76
4/17/2015,4:00:00 PM,12.35,3.76
4/17/2015,5:00:00 PM,12.34,3.76
4/17/2015,6:00:00 PM,12.33,3.76
4/17/2015,7:00:00 PM,12.32,3.76
4/17/2015,8:00:00 PM,12.31,3.75
4/17/2015,9:00:00 PM,12.3,3.75
4/17/2015,10:00:00 PM,12.3,3.75
4/17/2015,11:00:00 PM,12.3,3.75
4/18/2015,12:00:00 AM,12.29,3.75
4/18/2015,1:00:00 AM,12.28,3.74
4/18/2015,2:00:00 AM,12.24,3.73
4/18/2015,3:00:00 AM,12.29,3.75
4/18/2015,4:00:00 AM,12.21,3.72
4/18/2015,5:00:00 AM,12.26,3.74
4/18/2015,6:00:00 AM,12.25,3.73
4/18/2015,7:00:00 AM,12.25,3.73
4/18/2015,8:00:00 AM,12.26,3.74
4/18/2015,9:00:00 AM,12.24,3.73
4/18/2015,10:00:00 AM,12.24,3.73
4/18/2015,11:00:00 AM,12.25,3.73
4/18/2015,12:00:00 PM,12.25,3.73
4/18/2015,1:00:00 PM,12.18,3.71
4/18/2015,2:00:00 PM,12.17,3.71
4/18/2015,3:00:00 PM,12.17,3.71
4/18/2015,4:00:00 PM,12.17,3.71
4/18/2015,5:00:00 PM,12.17,3.71
4/18/2015,6:00:00 PM,12.16,3.71
4/18/2015,7:00:00 PM,12.15,3.7
4/18/2015,8:00:00 PM,12.15,3.7
4/18/2015,9:00:00 PM,12.15,3.7
4/18/2015,10:00:00 PM,12.14,3.7
4/18/2015,11:00:00 PM,12.14,3.7
4/19/2015,12:00:00 AM,12.14,3.7
4/19/2015,1:00:00 AM,12.13,3.7
4/19/2015,2:00:00 AM,12.13,3.7
4/19/2015,3:00:00 AM,12.13,3.7
4/19/2015,4:00:00 AM,12.12,3.69
4/19/2015,5:00:00 AM,12.17,3.71
4/19/2015,6:00:00 AM,12.16,3.71
4/19/2015,7:00:00 AM,12.13,3.7
4/19/2015,8:00:00 AM,12.14,3.7
4/19/2015,9:00:00 AM,12.15,3.7
4/19/2015,10:00:00 AM,12.16,3.71
4/19/2015,11:00:00 AM,12.14,3.7
4/19/2015,12:00:00 PM,12.18,3.71
4/19/2015,1:00:00 PM,12.18,3.71
4/19/2015,2:00:00 PM,12.18,3.71
4/19/2015,3:00:00 PM,12.19,3.72
4/19/2015,4:00:00 PM,12.2,3.72
4/19/2015,5:00:00 PM,12.22,3.72
4/19/2015,6:00:00 PM,12.19,3.72
4/19/2015,7:00:00 PM,12.23,3.73
4/19/2015,8:00:00 PM,12.24,3.73
4/19/2015,9:00:00 PM,12.27,3.74
4/19/2015,10:00:00 PM,12.28,3.74
4/19/2015,11:00:00 PM,12.28,3.74
4/20/2015,12:00:00 AM,12.29,3.75
4/20/2015,1:00:00 AM,12.33,3.76
4/20/2015,2:00:00 AM,12.34,3.76
4/20/2015,3:00:00 AM,12.33,3.76
4/20/2015,4:00:00 AM,12.37,3.77
4/20/2015,5:00:00 AM,12.36,3.77
4/20/2015,6:00:00 AM,12.36,3.77
4/20/2015,7:00:00 AM,12.35,3.76
4/20/2015,8:00:00 AM,12.39,3.78
4/20/2015,9:00:00 AM,12.43,3.79
4/20/2015,10:00:00 AM,12.43,3.79
4/20/2015,11:00:00 AM,12.47,3.8
4/20/2015,12:00:00 PM,12.47,3.8
4/20/2015,1:00:00 PM,12.45,3.79
4/20/2015,2:00:00 PM,12.49,3.81
4/20/2015,3:00:00 PM,12.5,3.81
4/20/2015,4:00:00 PM,12.52,3.82
4/20/2015,5:00:00 PM,12.53,3.82
4/20/2015,6:00:00 PM,12.52,3.82
4/20/2015,7:00:00 PM,12.51,3.81
4/20/2015,8:00:00 PM,12.53,3.82
4/20/2015,9:00:00 PM,12.57,3.83
4/20/2015,10:00:00 PM,12.56,3.83
4/20/2015,11:00:00 PM,12.56,3.83
4/21/2015,12:00:00 AM,12.53,3.82
4/21/2015,1:00:00 AM,12.56,3.83
4/21/2015,2:00:00 AM,12.54,3.82
4/21/2015,3:00:00 AM,12.53,3.82
4/21/2015,4:00:00 AM,12.51,3.81
4/21/2015,5:00:00 AM,12.48,3.8
4/21/2015,6:00:00 AM,12.47,3.8
4/21/2015,7:00:00 AM,12.48,3.8
4/21/2015,8:00:00 AM,12.49,3.81
4/21/2015,9:00:00 AM,12.49,3.81
4/21/2015,10:00:00 AM,12.52,3.82
4/21/2015,11:00:00 AM,12.48,3.8
4/21/2015,12:00:00 PM,12.5,3.81
4/21/2015,1:00:00 PM,12.5,3.81
4/21/2015,2:00:00 PM,12.5,3.81
4/21/2015,3:00:00 PM,12.51,3.81
4/21/2015,4:00:00 PM,12.53,3.82
4/21/2015,5:00:00 PM,12.53,3.82
4/21/2015,6:00:00 PM,12.54,3.82
4/21/2015,7:00:00 PM,12.51,3.81
4/21/2015,8:00:00 PM,12.52,3.82
4/21/2015,9:00:00 PM,12.51,3.81
4/21/2015,10:00:00 PM,12.49,3.81
4/21/2015,11:00:00 PM,12.41,3.78
4/22/2015,12:00:00 AM,12.44,3.79
4/22/2015,1:00:00 AM,12.47,3.8
4/22/2015,2:00:00 AM,12.48,3.8
4/22/2015,3:00:00 AM,12.39,3.78
4/22/2015,4:00:00 AM,12.41,3.78
4/22/2015,5:00:00 AM,12.38,3.77
4/22/2015,6:00:00 AM,12.34,3.76
4/22/2015,7:00:00 AM,12.36,3.77
4/22/2015,8:00:00 AM,12.39,3.78
4/22/2015,9:00:00 AM,12.33,3.76
4/22/2015,10:00:00 AM,12.32,3.76
4/22/2015,11:00:00 AM,12.32,3.76
4/22/2015,12:00:00 PM,12.35,3.76
4/22/2015,1:00:00 PM,12.33,3.76
4/22/2015,2:00:00 PM,12.37,3.77
4/22/2015,3:00:00 PM,12.35,3.76
4/22/2015,4:00:00 PM,12.42,3.79
4/22/2015,5:00:00 PM,12.26,3.74
4/22/2015,6:00:00 PM,12.24,3.73
4/22/2015,7:00:00 PM,12.3,3.75
4/22/2015,8:00:00 PM,12.28,3.74
4/22/2015,9:00:00 PM,12.27,3.74
4/22/2015,10:00:00 PM,12.24,3.73
4/22/2015,11:00:00 PM,12.23,3.73
4/23/2015,12:00:00 AM,12.22,3.72
4/23/2015,1:00:00 AM,12.2,3.72
4/23/2015,2:00:00 AM,12.17,3.71
4/23/2015,3:00:00 AM,12.13,3.7
4/23/2015,4:00:00 AM,12.23,3.73
4/23/2015,5:00:00 AM,12.17,3.71
4/23/2015,6:00:00 AM,12.11,3.69
4/23/2015,7:00:00 AM,12.08,3.68
4/23/2015,8:00:00 AM,12.06,3.68
4/23/2015,9:00:00 AM,12.06,3.68
4/23/2015,10:00:00 AM,12.04,3.67
4/23/2015,11:00:00 AM,12.03,3.67
4/23/2015,12:00:00 PM,12.12,3.69
4/23/2015,1:00:00 PM,11.99,3.65
4/23/2015,2:00:00 PM,12.01,3.66
4/23/2015,3:00:00 PM,12.01,3.66
4/23/2015,4:00:00 PM,12.02,3.66
4/23/2015,5:00:00 PM,12.02,3.66
4/23/2015,6:00:00 PM,11.98,3.65
4/23/2015,7:00:00 PM,12.03,3.67
4/23/2015,8:00:00 PM,12.04,3.67
4/23/2015,9:00:00 PM,12.04,3.67
4/23/2015,10:00:00 PM,11.97,3.65
4/23/2015,11:00:00 PM,12.02,3.66
4/24/2015,12:00:00 AM,11.96,3.65
4/24/2015,1:00:00 AM,11.98,3.65
4/24/2015,2:00:00 AM,11.99,3.65
4/24/2015,3:00:00 AM,12,3.66
4/24/2015,4:00:00 AM,12,3.66
4/24/2015,5:00:00 AM,12,3.66
4/24/2015,6:00:00 AM,12,3.66
4/24/2015,7:00:00 AM,12.01,3.66
4/24/2015,8:00:00 AM,12.01,3.66
4/24/2015,9:00:00 AM,12,3.66
4/24/2015,10:00:00 AM,11.97,3.65
4/24/2015,11:00:00 AM,11.97,3.65
4/24/2015,12:00:00 PM,11.96,3.65
4/24/2015,1:00:00 PM,11.92,3.63
4/24/2015,2:00:00 PM,11.91,3.63
4/24/2015,3:00:00 PM,11.91,3.63
4/24/2015,4:00:00 PM,11.92,3.63
4/24/2015,5:00:00 PM,11.9,3.63
4/24/2015,6:00:00 PM,11.91,3.63
4/24/2015,7:00:00 PM,11.91,3.63
4/24/2015,8:00:00 PM,11.91,3.63
4/24/2015,9:00:00 PM,11.91,3.63
4/24/2015,10:00:00 PM,11.92,3.63
4/24/2015,11:00:00 PM,11.92,3.63
4/25/2015,12:00:00 AM,11.91,3.63
4/25/2015,1:00:00 AM,11.92,3.63
4/25/2015,2:00:00 AM,11.95,3.64
4/25/2015,3:00:00 AM,11.95,3.64
4/25/2015,4:00:00 AM,11.95,3.64
4/25/2015,5:00:00 AM,11.94,3.64
4/25/2015,6:00:00 AM,11.94,3.64
4/25/2015,7:00:00 AM,11.98,3.65
4/25/2015,8:00:00 AM,11.96,3.65
4/25/2015,9:00:00 AM,11.99,3.65
4/25/2015,10:00:00 AM,12.12,3.69
4/25/2015,11:00:00 AM,12.06,3.68
4/25/2015,12:00:00 PM,12.06,3.68
4/25/2015,1:00:00 PM,12.03,3.67
4/25/2015,2:00:00 PM,12.04,3.67
4/25/2015,3:00:00 PM,12.06,3.68
4/25/2015,4:00:00 PM,12.1,3.69
4/25/2015,5:00:00 PM,12.1,3.69
4/25/2015,6:00:00 PM,12.1,3.69
4/25/2015,7:00:00 PM,12.09,3.69
4/25/2015,8:00:00 PM,12.12,3.69
4/25/2015,9:00:00 PM,12.1,3.69
4/25/2015,10:00:00 PM,12.17,3.71
4/25/2015,11:00:00 PM,12.18,3.71
4/26/2015,12:00:00 AM,12.17,3.71
4/26/2015,1:00:00 AM,12.23,3.73
4/26/2015,2:00:00 AM,12.25,3.73
4/26/2015,3:00:00 AM,12.23,3.73
4/26/2015,4:00:00 AM,12.31,3.75
4/26/2015,5:00:00 AM,12.29,3.75
4/26/2015,6:00:00 AM,12.28,3.74
4/26/2015,7:00:00 AM,12.28,3.74
4/26/2015,8:00:00 AM,12.34,3.76
4/26/2015,9:00:00 AM,12.34,3.76
4/26/2015,10:00:00 AM,12.37,3.77
4/26/2015,11:00:00 AM,12.46,3.8
4/26/2015,12:00:00 PM,12.49,3.81
4/26/2015,1:00:00 PM,12.41,3.78
4/26/2015,2:00:00 PM,12.47,3.8
4/26/2015,3:00:00 PM,12.48,3.8
4/26/2015,4:00:00 PM,12.54,3.82
4/26/2015,5:00:00 PM,12.53,3.82
4/26/2015,6:00:00 PM,12.64,3.85
4/26/2015,7:00:00 PM,12.64,3.85
4/26/2015,8:00:00 PM,12.59,3.84
4/26/2015,9:00:00 PM,12.61,3.84
4/26/2015,10:00:00 PM,12.67,3.86
4/26/2015,11:00:00 PM,12.64,3.85
4/27/2015,12:00:00 AM,12.67,3.86
4/27/2015,1:00:00 AM,12.7,3.87
4/27/2015,2:00:00 AM,12.68,3.86
4/27/2015,3:00:00 AM,12.7,3.87
4/27/2015,4:00:00 AM,12.7,3.87
4/27/2015,5:00:00 AM,12.69,3.87
4/27/2015,6:00:00 AM,12.7,3.87
4/27/2015,7:00:00 AM,12.71,3.87
4/27/2015,8:00:00 AM,12.75,3.89
4/27/2015,9:00:00 AM,12.78,3.9
4/27/2015,10:00:00 AM,12.76,3.89
4/27/2015,11:00:00 AM,12.77,3.89
4/27/2015,12:00:00 PM,12.76,3.89
4/27/2015,1:00:00 PM,12.69,3.87
4/27/2015,2:00:00 PM,12.73,3.88
4/27/2015,3:00:00 PM,12.72,3.88
4/27/2015,4:00:00 PM,12.72,3.88
4/27/2015,5:00:00 PM,12.75,3.89
4/27/2015,6:00:00 PM,12.75,3.89
4/27/2015,7:00:00 PM,12.76,3.89
4/27/2015,8:00:00 PM,12.76,3.89
4/27/2015,9:00:00 PM,12.79,3.9
4/27/2015,10:00:00 PM,12.77,3.89
4/27/2015,11:00:00 PM,12.78,3.9
4/28/2015,12:00:00 AM,12.78,3.9
4/28/2015,1:00:00 AM,12.81,3.9
4/28/2015,2:00:00 AM,12.8,3.9
4/28/2015,3:00:00 AM,12.78,3.9
4/28/2015,4:00:00 AM,12.76,3.89
4/28/2015,5:00:00 AM,12.75,3.89
4/28/2015,6:00:00 AM,12.8,3.9
4/28/2015,7:00:00 AM,12.79,3.9
4/28/2015,8:00:00 AM,12.78,3.9
4/28/2015,9:00:00 AM,12.82,3.91
4/28/2015,10:00:00 AM,12.85,3.92
4/28/2015,11:00:00 AM,12.82,3.91
4/28/2015,12:00:00 PM,12.84,3.91
4/28/2015,1:00:00 PM,12.74,3.88
4/28/2015,2:00:00 PM,12.7,3.87
4/28/2015,3:00:00 PM,12.7,3.87
4/28/2015,4:00:00 PM,12.71,3.87
4/28/2015,5:00:00 PM,12.7,3.87
4/28/2015,6:00:00 PM,12.74,3.88
4/28/2015,7:00:00 PM,12.71,3.87
4/28/2015,8:00:00 PM,12.74,3.88
4/28/2015,9:00:00 PM,12.77,3.89
4/28/2015,10:00:00 PM,12.75,3.89
4/28/2015,11:00:00 PM,12.78,3.9
4/29/2015,12:00:00 AM,12.77,3.89
4/29/2015,1:00:00 AM,12.73,3.88
4/29/2015,2:00:00 AM,12.75,3.89
4/29/2015,3:00:00 AM,12.96,3.95
4/29/2015,4:00:00 AM,12.72,3.88
4/29/2015,5:00:00 AM,12.8,3.9
4/29/2015,6:00:00 AM,12.78,3.9
4/29/2015,7:00:00 AM,12.83,3.91
4/29/2015,8:00:00 AM,12.85,3.92
4/29/2015,9:00:00 AM,12.84,3.91
4/29/2015,10:00:00 AM,12.73,3.88
4/29/2015,11:00:00 AM,12.72,3.88
4/29/2015,12:00:00 PM,12.74,3.88
4/29/2015,1:00:00 PM,12.7,3.87
4/29/2015,2:00:00 PM,12.71,3.87
4/29/2015,3:00:00 PM,12.72,3.88
4/29/2015,4:00:00 PM,12.75,3.89
4/29/2015,5:00:00 PM,12.67,3.86
4/29/2015,6:00:00 PM,12.72,3.88
4/29/2015,7:00:00 PM,12.74,3.88
4/29/2015,8:00:00 PM,12.77,3.89
4/29/2015,9:00:00 PM,12.77,3.89
4/29/2015,10:00:00 PM,12.75,3.89
4/29/2015,11:00:00 PM,12.78,3.9
